-8,-8,9eV+keeh29eyMp3R0Mm9URktFro=,nfkgHjZJiR1y+bPx8g+Wds/f/qI=
-8,-10,9eV+keeh29eyMp3R0Mm9URktFro=,3mLBXPvvl2myWPXFAlLkOstb8iQ=
-8,-9,9eV+keeh29eyMp3R0Mm9URktFro=,3mLBXPvvl2myWPXFAlLkOstb8iQ=
-1,-11,9eV+keeh29eyMp3R0Mm9URktFro=,To2GN+HwjgzrwYP33/si37dSIsU=
-1,-10,9eV+keeh29eyMp3R0Mm9URktFro=,ln0Yvd6ajWgGqNm2QzGkBeJYeUs=
-6,-11,9eV+keeh29eyMp3R0Mm9URktFro=,23m2BYpahw2wYwPeNQzumkwECLM=
-2,-7,9eV+keeh29eyMp3R0Mm9URktFro=,SOanLihHdFwjURJvHVxGtnnVkcE=
-2,-6,9eV+keeh29eyMp3R0Mm9URktFro=,oGlO66ocjvRgtaN//8RWyCeHpxs=
-1,-7,9eV+keeh29eyMp3R0Mm9URktFro=,SOanLihHdFwjURJvHVxGtnnVkcE=
-3,-7,9eV+keeh29eyMp3R0Mm9URktFro=,LOYHEcVWD0DEe2SZh/PKI67eG0o=
-7,-10,9eV+keeh29eyMp3R0Mm9URktFro=,3mLBXPvvl2myWPXFAlLkOstb8iQ=
-1,-6,9eV+keeh29eyMp3R0Mm9URktFro=,oGlO66ocjvRgtaN//8RWyCeHpxs=
-4,-9,9eV+keeh29eyMp3R0Mm9URktFro=,y1XhZVZQiz8r05yDJSi0A6Ln6To=
-1,-9,9eV+keeh29eyMp3R0Mm9URktFro=,ln0Yvd6ajWgGqNm2QzGkBeJYeUs=
-1,-8,9eV+keeh29eyMp3R0Mm9URktFro=,SOanLihHdFwjURJvHVxGtnnVkcE=
-2,-11,9eV+keeh29eyMp3R0Mm9URktFro=,To2GN+HwjgzrwYP33/si37dSIsU=
-3,-11,9eV+keeh29eyMp3R0Mm9URktFro=,LXaxtFmowsJUjleZfipKIQZpx60=
-6,-10,9eV+keeh29eyMp3R0Mm9URktFro=,2ZNKbbU+xOb9vYsTvCr6Ro6KRw8=
-4,-8,9eV+keeh29eyMp3R0Mm9URktFro=,LOYHEcVWD0DEe2SZh/PKI67eG0o=
-3,-8,9eV+keeh29eyMp3R0Mm9URktFro=,LOYHEcVWD0DEe2SZh/PKI67eG0o=
-6,-8,9eV+keeh29eyMp3R0Mm9URktFro=,RFofsy4R6HyIvjDVWjeZAXGyQfQ=
-2,-8,9eV+keeh29eyMp3R0Mm9URktFro=,SOanLihHdFwjURJvHVxGtnnVkcE=
-7,-8,9eV+keeh29eyMp3R0Mm9URktFro=,nfkgHjZJiR1y+bPx8g+Wds/f/qI=
-5,-11,9eV+keeh29eyMp3R0Mm9URktFro=,23m2BYpahw2wYwPeNQzumkwECLM=
-3,-9,9eV+keeh29eyMp3R0Mm9URktFro=,y1XhZVZQiz8r05yDJSi0A6Ln6To=
-6,-9,9eV+keeh29eyMp3R0Mm9URktFro=,2ZNKbbU+xOb9vYsTvCr6Ro6KRw8=
-4,-11,9eV+keeh29eyMp3R0Mm9URktFro=,LXaxtFmowsJUjleZfipKIQZpx60=
-5,-8,9eV+keeh29eyMp3R0Mm9URktFro=,RFofsy4R6HyIvjDVWjeZAXGyQfQ=
-2,-9,9eV+keeh29eyMp3R0Mm9URktFro=,ln0Yvd6ajWgGqNm2QzGkBeJYeUs=
-7,-9,9eV+keeh29eyMp3R0Mm9URktFro=,3mLBXPvvl2myWPXFAlLkOstb8iQ=
-2,-10,9eV+keeh29eyMp3R0Mm9URktFro=,ln0Yvd6ajWgGqNm2QzGkBeJYeUs=
-5,-9,9eV+keeh29eyMp3R0Mm9URktFro=,2ZNKbbU+xOb9vYsTvCr6Ro6KRw8=
-4,-7,9eV+keeh29eyMp3R0Mm9URktFro=,LOYHEcVWD0DEe2SZh/PKI67eG0o=
-4,-2,9eV+keeh29eyMp3R0Mm9URktFro=,5sPB2AOU0BPJyTGlbG13zDfDvdM=
-8,-7,9eV+keeh29eyMp3R0Mm9URktFro=,nfkgHjZJiR1y+bPx8g+Wds/f/qI=
-7,-7,9eV+keeh29eyMp3R0Mm9URktFro=,nfkgHjZJiR1y+bPx8g+Wds/f/qI=
-5,-7,9eV+keeh29eyMp3R0Mm9URktFro=,RFofsy4R6HyIvjDVWjeZAXGyQfQ=
-6,-7,9eV+keeh29eyMp3R0Mm9URktFro=,RFofsy4R6HyIvjDVWjeZAXGyQfQ=
-3,-10,9eV+keeh29eyMp3R0Mm9URktFro=,y1XhZVZQiz8r05yDJSi0A6Ln6To=
-4,-1,9eV+keeh29eyMp3R0Mm9URktFro=,5sPB2AOU0BPJyTGlbG13zDfDvdM=
-5,-10,9eV+keeh29eyMp3R0Mm9URktFro=,2ZNKbbU+xOb9vYsTvCr6Ro6KRw8=
-2,-4,9eV+keeh29eyMp3R0Mm9URktFro=,nsfaoIK9pdqvxW5B2vcjdgMPTZY=
-2,-5,9eV+keeh29eyMp3R0Mm9URktFro=,oGlO66ocjvRgtaN//8RWyCeHpxs=
-4,-10,9eV+keeh29eyMp3R0Mm9URktFro=,y1XhZVZQiz8r05yDJSi0A6Ln6To=
-1,-5,9eV+keeh29eyMp3R0Mm9URktFro=,oGlO66ocjvRgtaN//8RWyCeHpxs=
-3,-2,9eV+keeh29eyMp3R0Mm9URktFro=,5sPB2AOU0BPJyTGlbG13zDfDvdM=
-3,-1,9eV+keeh29eyMp3R0Mm9URktFro=,5sPB2AOU0BPJyTGlbG13zDfDvdM=
-2,-3,9eV+keeh29eyMp3R0Mm9URktFro=,nsfaoIK9pdqvxW5B2vcjdgMPTZY=
-2,-1,9eV+keeh29eyMp3R0Mm9URktFro=,Evh+06z+PO3PnvXhvnD+TVYTxY4=
-1,-4,9eV+keeh29eyMp3R0Mm9URktFro=,nsfaoIK9pdqvxW5B2vcjdgMPTZY=
-2,-2,9eV+keeh29eyMp3R0Mm9URktFro=,Evh+06z+PO3PnvXhvnD+TVYTxY4=
-1,-3,9eV+keeh29eyMp3R0Mm9URktFro=,nsfaoIK9pdqvxW5B2vcjdgMPTZY=
-1,-1,9eV+keeh29eyMp3R0Mm9URktFro=,Evh+06z+PO3PnvXhvnD+TVYTxY4=
-1,-2,9eV+keeh29eyMp3R0Mm9URktFro=,Evh+06z+PO3PnvXhvnD+TVYTxY4=
