-12,11,IZCbVmtnH1ITeaH8OrWZBgFAEco=,woqkO9dI25741q7YidxyhWyOn8E=
-11,11,IZCbVmtnH1ITeaH8OrWZBgFAEco=,woqkO9dI25741q7YidxyhWyOn8E=
-10,11,IZCbVmtnH1ITeaH8OrWZBgFAEco=,woqkO9dI25741q7YidxyhWyOn8E=
-15,12,IZCbVmtnH1ITeaH8OrWZBgFAEco=,woqkO9dI25741q7YidxyhWyOn8E=
-14,12,IZCbVmtnH1ITeaH8OrWZBgFAEco=,woqkO9dI25741q7YidxyhWyOn8E=
-13,12,IZCbVmtnH1ITeaH8OrWZBgFAEco=,woqkO9dI25741q7YidxyhWyOn8E=
-12,12,IZCbVmtnH1ITeaH8OrWZBgFAEco=,woqkO9dI25741q7YidxyhWyOn8E=
-11,12,IZCbVmtnH1ITeaH8OrWZBgFAEco=,woqkO9dI25741q7YidxyhWyOn8E=
-10,12,IZCbVmtnH1ITeaH8OrWZBgFAEco=,woqkO9dI25741q7YidxyhWyOn8E=
-10,10,IZCbVmtnH1ITeaH8OrWZBgFAEco=,woqkO9dI25741q7YidxyhWyOn8E=
-13,11,IZCbVmtnH1ITeaH8OrWZBgFAEco=,woqkO9dI25741q7YidxyhWyOn8E=
-15,13,IZCbVmtnH1ITeaH8OrWZBgFAEco=,woqkO9dI25741q7YidxyhWyOn8E=
-12,10,IZCbVmtnH1ITeaH8OrWZBgFAEco=,woqkO9dI25741q7YidxyhWyOn8E=
-15,11,IZCbVmtnH1ITeaH8OrWZBgFAEco=,woqkO9dI25741q7YidxyhWyOn8E=
-10,14,IZCbVmtnH1ITeaH8OrWZBgFAEco=,woqkO9dI25741q7YidxyhWyOn8E=
-14,13,IZCbVmtnH1ITeaH8OrWZBgFAEco=,woqkO9dI25741q7YidxyhWyOn8E=
-13,10,IZCbVmtnH1ITeaH8OrWZBgFAEco=,woqkO9dI25741q7YidxyhWyOn8E=
-11,14,IZCbVmtnH1ITeaH8OrWZBgFAEco=,woqkO9dI25741q7YidxyhWyOn8E=
-12,14,IZCbVmtnH1ITeaH8OrWZBgFAEco=,woqkO9dI25741q7YidxyhWyOn8E=
-11,10,IZCbVmtnH1ITeaH8OrWZBgFAEco=,woqkO9dI25741q7YidxyhWyOn8E=
-14,10,IZCbVmtnH1ITeaH8OrWZBgFAEco=,woqkO9dI25741q7YidxyhWyOn8E=
-13,13,IZCbVmtnH1ITeaH8OrWZBgFAEco=,woqkO9dI25741q7YidxyhWyOn8E=
-15,10,IZCbVmtnH1ITeaH8OrWZBgFAEco=,woqkO9dI25741q7YidxyhWyOn8E=
-13,14,IZCbVmtnH1ITeaH8OrWZBgFAEco=,woqkO9dI25741q7YidxyhWyOn8E=
-14,14,IZCbVmtnH1ITeaH8OrWZBgFAEco=,woqkO9dI25741q7YidxyhWyOn8E=
-10,9,IZCbVmtnH1ITeaH8OrWZBgFAEco=,woqkO9dI25741q7YidxyhWyOn8E=
-15,14,IZCbVmtnH1ITeaH8OrWZBgFAEco=,woqkO9dI25741q7YidxyhWyOn8E=
-12,13,IZCbVmtnH1ITeaH8OrWZBgFAEco=,woqkO9dI25741q7YidxyhWyOn8E=
-12,9,IZCbVmtnH1ITeaH8OrWZBgFAEco=,woqkO9dI25741q7YidxyhWyOn8E=
-10,13,IZCbVmtnH1ITeaH8OrWZBgFAEco=,woqkO9dI25741q7YidxyhWyOn8E=
-14,11,IZCbVmtnH1ITeaH8OrWZBgFAEco=,woqkO9dI25741q7YidxyhWyOn8E=
-15,15,IZCbVmtnH1ITeaH8OrWZBgFAEco=,woqkO9dI25741q7YidxyhWyOn8E=
-10,15,IZCbVmtnH1ITeaH8OrWZBgFAEco=,woqkO9dI25741q7YidxyhWyOn8E=
-14,15,IZCbVmtnH1ITeaH8OrWZBgFAEco=,woqkO9dI25741q7YidxyhWyOn8E=
-11,15,IZCbVmtnH1ITeaH8OrWZBgFAEco=,woqkO9dI25741q7YidxyhWyOn8E=
-12,15,IZCbVmtnH1ITeaH8OrWZBgFAEco=,woqkO9dI25741q7YidxyhWyOn8E=
-14,9,IZCbVmtnH1ITeaH8OrWZBgFAEco=,woqkO9dI25741q7YidxyhWyOn8E=
-11,9,IZCbVmtnH1ITeaH8OrWZBgFAEco=,woqkO9dI25741q7YidxyhWyOn8E=
-13,9,IZCbVmtnH1ITeaH8OrWZBgFAEco=,woqkO9dI25741q7YidxyhWyOn8E=
-15,9,IZCbVmtnH1ITeaH8OrWZBgFAEco=,woqkO9dI25741q7YidxyhWyOn8E=
-13,15,IZCbVmtnH1ITeaH8OrWZBgFAEco=,woqkO9dI25741q7YidxyhWyOn8E=
-11,13,IZCbVmtnH1ITeaH8OrWZBgFAEco=,woqkO9dI25741q7YidxyhWyOn8E=
-16,12,Ec6YYVpgqtRAFC7C4x2OY9HIvww=,woqkO9dI25741q7YidxyhWyOn8E=
-16,9,Ec6YYVpgqtRAFC7C4x2OY9HIvww=,woqkO9dI25741q7YidxyhWyOn8E=
-16,11,Ec6YYVpgqtRAFC7C4x2OY9HIvww=,woqkO9dI25741q7YidxyhWyOn8E=
-16,10,Ec6YYVpgqtRAFC7C4x2OY9HIvww=,woqkO9dI25741q7YidxyhWyOn8E=
-16,14,Ec6YYVpgqtRAFC7C4x2OY9HIvww=,woqkO9dI25741q7YidxyhWyOn8E=
-16,15,Ec6YYVpgqtRAFC7C4x2OY9HIvww=,woqkO9dI25741q7YidxyhWyOn8E=
-16,13,Ec6YYVpgqtRAFC7C4x2OY9HIvww=,woqkO9dI25741q7YidxyhWyOn8E=
-12,0,Ec6YYVpgqtRAFC7C4x2OY9HIvww=,DiXoN4UZ1riNjs+Gg66x2IWubzU=
-10,3,Ec6YYVpgqtRAFC7C4x2OY9HIvww=,DiXoN4UZ1riNjs+Gg66x2IWubzU=
-14,5,Ec6YYVpgqtRAFC7C4x2OY9HIvww=,DiXoN4UZ1riNjs+Gg66x2IWubzU=
-13,5,Ec6YYVpgqtRAFC7C4x2OY9HIvww=,DiXoN4UZ1riNjs+Gg66x2IWubzU=
-10,1,Ec6YYVpgqtRAFC7C4x2OY9HIvww=,DiXoN4UZ1riNjs+Gg66x2IWubzU=
-14,4,Ec6YYVpgqtRAFC7C4x2OY9HIvww=,DiXoN4UZ1riNjs+Gg66x2IWubzU=
-16,1,Ec6YYVpgqtRAFC7C4x2OY9HIvww=,DiXoN4UZ1riNjs+Gg66x2IWubzU=
-13,0,Ec6YYVpgqtRAFC7C4x2OY9HIvww=,DiXoN4UZ1riNjs+Gg66x2IWubzU=
-13,4,Ec6YYVpgqtRAFC7C4x2OY9HIvww=,DiXoN4UZ1riNjs+Gg66x2IWubzU=
-15,5,Ec6YYVpgqtRAFC7C4x2OY9HIvww=,DiXoN4UZ1riNjs+Gg66x2IWubzU=
-10,8,Ec6YYVpgqtRAFC7C4x2OY9HIvww=,woqkO9dI25741q7YidxyhWyOn8E=
-11,8,Ec6YYVpgqtRAFC7C4x2OY9HIvww=,woqkO9dI25741q7YidxyhWyOn8E=
-11,4,Ec6YYVpgqtRAFC7C4x2OY9HIvww=,DiXoN4UZ1riNjs+Gg66x2IWubzU=
-12,8,Ec6YYVpgqtRAFC7C4x2OY9HIvww=,woqkO9dI25741q7YidxyhWyOn8E=
-11,1,Ec6YYVpgqtRAFC7C4x2OY9HIvww=,DiXoN4UZ1riNjs+Gg66x2IWubzU=
-12,1,Ec6YYVpgqtRAFC7C4x2OY9HIvww=,DiXoN4UZ1riNjs+Gg66x2IWubzU=
-14,8,Ec6YYVpgqtRAFC7C4x2OY9HIvww=,woqkO9dI25741q7YidxyhWyOn8E=
-16,8,Ec6YYVpgqtRAFC7C4x2OY9HIvww=,woqkO9dI25741q7YidxyhWyOn8E=
-16,4,Ec6YYVpgqtRAFC7C4x2OY9HIvww=,DiXoN4UZ1riNjs+Gg66x2IWubzU=
-10,7,Ec6YYVpgqtRAFC7C4x2OY9HIvww=,DiXoN4UZ1riNjs+Gg66x2IWubzU=
-13,8,Ec6YYVpgqtRAFC7C4x2OY9HIvww=,woqkO9dI25741q7YidxyhWyOn8E=
-15,1,Ec6YYVpgqtRAFC7C4x2OY9HIvww=,DiXoN4UZ1riNjs+Gg66x2IWubzU=
-14,0,Ec6YYVpgqtRAFC7C4x2OY9HIvww=,DiXoN4UZ1riNjs+Gg66x2IWubzU=
-15,0,Ec6YYVpgqtRAFC7C4x2OY9HIvww=,DiXoN4UZ1riNjs+Gg66x2IWubzU=
-10,0,Ec6YYVpgqtRAFC7C4x2OY9HIvww=,DiXoN4UZ1riNjs+Gg66x2IWubzU=
-15,8,Ec6YYVpgqtRAFC7C4x2OY9HIvww=,woqkO9dI25741q7YidxyhWyOn8E=
-16,5,Ec6YYVpgqtRAFC7C4x2OY9HIvww=,DiXoN4UZ1riNjs+Gg66x2IWubzU=
-15,4,Ec6YYVpgqtRAFC7C4x2OY9HIvww=,DiXoN4UZ1riNjs+Gg66x2IWubzU=
-11,7,Ec6YYVpgqtRAFC7C4x2OY9HIvww=,DiXoN4UZ1riNjs+Gg66x2IWubzU=
-14,7,Ec6YYVpgqtRAFC7C4x2OY9HIvww=,DiXoN4UZ1riNjs+Gg66x2IWubzU=
-13,1,Ec6YYVpgqtRAFC7C4x2OY9HIvww=,DiXoN4UZ1riNjs+Gg66x2IWubzU=
-13,7,Ec6YYVpgqtRAFC7C4x2OY9HIvww=,DiXoN4UZ1riNjs+Gg66x2IWubzU=
-15,7,Ec6YYVpgqtRAFC7C4x2OY9HIvww=,DiXoN4UZ1riNjs+Gg66x2IWubzU=
-16,7,Ec6YYVpgqtRAFC7C4x2OY9HIvww=,DiXoN4UZ1riNjs+Gg66x2IWubzU=
-14,3,Ec6YYVpgqtRAFC7C4x2OY9HIvww=,DiXoN4UZ1riNjs+Gg66x2IWubzU=
-12,7,Ec6YYVpgqtRAFC7C4x2OY9HIvww=,DiXoN4UZ1riNjs+Gg66x2IWubzU=
-15,2,Ec6YYVpgqtRAFC7C4x2OY9HIvww=,DiXoN4UZ1riNjs+Gg66x2IWubzU=
-15,3,Ec6YYVpgqtRAFC7C4x2OY9HIvww=,DiXoN4UZ1riNjs+Gg66x2IWubzU=
-9,15,Ec6YYVpgqtRAFC7C4x2OY9HIvww=,woqkO9dI25741q7YidxyhWyOn8E=
-16,2,Ec6YYVpgqtRAFC7C4x2OY9HIvww=,DiXoN4UZ1riNjs+Gg66x2IWubzU=
-14,1,Ec6YYVpgqtRAFC7C4x2OY9HIvww=,DiXoN4UZ1riNjs+Gg66x2IWubzU=
-14,2,Ec6YYVpgqtRAFC7C4x2OY9HIvww=,DiXoN4UZ1riNjs+Gg66x2IWubzU=
-13,3,Ec6YYVpgqtRAFC7C4x2OY9HIvww=,DiXoN4UZ1riNjs+Gg66x2IWubzU=
-12,3,Ec6YYVpgqtRAFC7C4x2OY9HIvww=,DiXoN4UZ1riNjs+Gg66x2IWubzU=
-12,4,Ec6YYVpgqtRAFC7C4x2OY9HIvww=,DiXoN4UZ1riNjs+Gg66x2IWubzU=
-6,13,Ec6YYVpgqtRAFC7C4x2OY9HIvww=,XoG6mwI+KrdtzCpwSKnDH0BbQsc=
-11,3,Ec6YYVpgqtRAFC7C4x2OY9HIvww=,DiXoN4UZ1riNjs+Gg66x2IWubzU=
-9,10,Ec6YYVpgqtRAFC7C4x2OY9HIvww=,woqkO9dI25741q7YidxyhWyOn8E=
-15,6,Ec6YYVpgqtRAFC7C4x2OY9HIvww=,DiXoN4UZ1riNjs+Gg66x2IWubzU=
-12,6,Ec6YYVpgqtRAFC7C4x2OY9HIvww=,DiXoN4UZ1riNjs+Gg66x2IWubzU=
-5,13,Ec6YYVpgqtRAFC7C4x2OY9HIvww=,XoG6mwI+KrdtzCpwSKnDH0BbQsc=
-11,6,Ec6YYVpgqtRAFC7C4x2OY9HIvww=,DiXoN4UZ1riNjs+Gg66x2IWubzU=
-14,6,Ec6YYVpgqtRAFC7C4x2OY9HIvww=,DiXoN4UZ1riNjs+Gg66x2IWubzU=
-7,13,Ec6YYVpgqtRAFC7C4x2OY9HIvww=,XoG6mwI+KrdtzCpwSKnDH0BbQsc=
-8,13,Ec6YYVpgqtRAFC7C4x2OY9HIvww=,XoG6mwI+KrdtzCpwSKnDH0BbQsc=
-10,6,Ec6YYVpgqtRAFC7C4x2OY9HIvww=,DiXoN4UZ1riNjs+Gg66x2IWubzU=
-16,6,Ec6YYVpgqtRAFC7C4x2OY9HIvww=,DiXoN4UZ1riNjs+Gg66x2IWubzU=
-13,2,Ec6YYVpgqtRAFC7C4x2OY9HIvww=,DiXoN4UZ1riNjs+Gg66x2IWubzU=
-16,0,Ec6YYVpgqtRAFC7C4x2OY9HIvww=,DiXoN4UZ1riNjs+Gg66x2IWubzU=
-13,6,Ec6YYVpgqtRAFC7C4x2OY9HIvww=,DiXoN4UZ1riNjs+Gg66x2IWubzU=
-16,3,Ec6YYVpgqtRAFC7C4x2OY9HIvww=,DiXoN4UZ1riNjs+Gg66x2IWubzU=
-12,5,Ec6YYVpgqtRAFC7C4x2OY9HIvww=,DiXoN4UZ1riNjs+Gg66x2IWubzU=
-11,0,Ec6YYVpgqtRAFC7C4x2OY9HIvww=,DiXoN4UZ1riNjs+Gg66x2IWubzU=
-10,5,Ec6YYVpgqtRAFC7C4x2OY9HIvww=,DiXoN4UZ1riNjs+Gg66x2IWubzU=
-2,12,Ec6YYVpgqtRAFC7C4x2OY9HIvww=,XoG6mwI+KrdtzCpwSKnDH0BbQsc=
-10,4,Ec6YYVpgqtRAFC7C4x2OY9HIvww=,DiXoN4UZ1riNjs+Gg66x2IWubzU=
-10,2,Ec6YYVpgqtRAFC7C4x2OY9HIvww=,DiXoN4UZ1riNjs+Gg66x2IWubzU=
-11,2,Ec6YYVpgqtRAFC7C4x2OY9HIvww=,DiXoN4UZ1riNjs+Gg66x2IWubzU=
-4,13,Ec6YYVpgqtRAFC7C4x2OY9HIvww=,XoG6mwI+KrdtzCpwSKnDH0BbQsc=
-6,12,Ec6YYVpgqtRAFC7C4x2OY9HIvww=,XoG6mwI+KrdtzCpwSKnDH0BbQsc=
-11,5,Ec6YYVpgqtRAFC7C4x2OY9HIvww=,DiXoN4UZ1riNjs+Gg66x2IWubzU=
-7,12,Ec6YYVpgqtRAFC7C4x2OY9HIvww=,XoG6mwI+KrdtzCpwSKnDH0BbQsc=
-8,12,Ec6YYVpgqtRAFC7C4x2OY9HIvww=,XoG6mwI+KrdtzCpwSKnDH0BbQsc=
-9,14,Ec6YYVpgqtRAFC7C4x2OY9HIvww=,woqkO9dI25741q7YidxyhWyOn8E=
-9,9,Ec6YYVpgqtRAFC7C4x2OY9HIvww=,woqkO9dI25741q7YidxyhWyOn8E=
-5,12,Ec6YYVpgqtRAFC7C4x2OY9HIvww=,XoG6mwI+KrdtzCpwSKnDH0BbQsc=
-5,11,Ec6YYVpgqtRAFC7C4x2OY9HIvww=,XoG6mwI+KrdtzCpwSKnDH0BbQsc=
-1,12,Ec6YYVpgqtRAFC7C4x2OY9HIvww=,XoG6mwI+KrdtzCpwSKnDH0BbQsc=
-8,11,Ec6YYVpgqtRAFC7C4x2OY9HIvww=,XoG6mwI+KrdtzCpwSKnDH0BbQsc=
-7,11,Ec6YYVpgqtRAFC7C4x2OY9HIvww=,XoG6mwI+KrdtzCpwSKnDH0BbQsc=
-9,13,Ec6YYVpgqtRAFC7C4x2OY9HIvww=,woqkO9dI25741q7YidxyhWyOn8E=
-1,11,Ec6YYVpgqtRAFC7C4x2OY9HIvww=,XoG6mwI+KrdtzCpwSKnDH0BbQsc=
-6,11,Ec6YYVpgqtRAFC7C4x2OY9HIvww=,XoG6mwI+KrdtzCpwSKnDH0BbQsc=
-5,10,Ec6YYVpgqtRAFC7C4x2OY9HIvww=,XoG6mwI+KrdtzCpwSKnDH0BbQsc=
-12,2,Ec6YYVpgqtRAFC7C4x2OY9HIvww=,DiXoN4UZ1riNjs+Gg66x2IWubzU=
-6,10,Ec6YYVpgqtRAFC7C4x2OY9HIvww=,XoG6mwI+KrdtzCpwSKnDH0BbQsc=
-3,12,Ec6YYVpgqtRAFC7C4x2OY9HIvww=,XoG6mwI+KrdtzCpwSKnDH0BbQsc=
-2,9,Ec6YYVpgqtRAFC7C4x2OY9HIvww=,XoG6mwI+KrdtzCpwSKnDH0BbQsc=
-4,10,Ec6YYVpgqtRAFC7C4x2OY9HIvww=,XoG6mwI+KrdtzCpwSKnDH0BbQsc=
-7,10,Ec6YYVpgqtRAFC7C4x2OY9HIvww=,XoG6mwI+KrdtzCpwSKnDH0BbQsc=
-8,10,Ec6YYVpgqtRAFC7C4x2OY9HIvww=,XoG6mwI+KrdtzCpwSKnDH0BbQsc=
-4,9,Ec6YYVpgqtRAFC7C4x2OY9HIvww=,XoG6mwI+KrdtzCpwSKnDH0BbQsc=
-3,10,Ec6YYVpgqtRAFC7C4x2OY9HIvww=,XoG6mwI+KrdtzCpwSKnDH0BbQsc=
-1,15,Ec6YYVpgqtRAFC7C4x2OY9HIvww=,XoG6mwI+KrdtzCpwSKnDH0BbQsc=
-3,11,Ec6YYVpgqtRAFC7C4x2OY9HIvww=,XoG6mwI+KrdtzCpwSKnDH0BbQsc=
-2,15,Ec6YYVpgqtRAFC7C4x2OY9HIvww=,XoG6mwI+KrdtzCpwSKnDH0BbQsc=
-1,9,Ec6YYVpgqtRAFC7C4x2OY9HIvww=,XoG6mwI+KrdtzCpwSKnDH0BbQsc=
-3,15,Ec6YYVpgqtRAFC7C4x2OY9HIvww=,XoG6mwI+KrdtzCpwSKnDH0BbQsc=
-2,11,Ec6YYVpgqtRAFC7C4x2OY9HIvww=,XoG6mwI+KrdtzCpwSKnDH0BbQsc=
-5,15,Ec6YYVpgqtRAFC7C4x2OY9HIvww=,XoG6mwI+KrdtzCpwSKnDH0BbQsc=
-4,15,Ec6YYVpgqtRAFC7C4x2OY9HIvww=,XoG6mwI+KrdtzCpwSKnDH0BbQsc=
-5,9,Ec6YYVpgqtRAFC7C4x2OY9HIvww=,XoG6mwI+KrdtzCpwSKnDH0BbQsc=
-8,9,Ec6YYVpgqtRAFC7C4x2OY9HIvww=,XoG6mwI+KrdtzCpwSKnDH0BbQsc=
-8,15,Ec6YYVpgqtRAFC7C4x2OY9HIvww=,XoG6mwI+KrdtzCpwSKnDH0BbQsc=
-7,9,Ec6YYVpgqtRAFC7C4x2OY9HIvww=,XoG6mwI+KrdtzCpwSKnDH0BbQsc=
-1,10,Ec6YYVpgqtRAFC7C4x2OY9HIvww=,XoG6mwI+KrdtzCpwSKnDH0BbQsc=
-9,12,Ec6YYVpgqtRAFC7C4x2OY9HIvww=,woqkO9dI25741q7YidxyhWyOn8E=
-6,15,Ec6YYVpgqtRAFC7C4x2OY9HIvww=,XoG6mwI+KrdtzCpwSKnDH0BbQsc=
-8,14,Ec6YYVpgqtRAFC7C4x2OY9HIvww=,XoG6mwI+KrdtzCpwSKnDH0BbQsc=
-5,14,Ec6YYVpgqtRAFC7C4x2OY9HIvww=,XoG6mwI+KrdtzCpwSKnDH0BbQsc=
-6,14,Ec6YYVpgqtRAFC7C4x2OY9HIvww=,XoG6mwI+KrdtzCpwSKnDH0BbQsc=
-7,14,Ec6YYVpgqtRAFC7C4x2OY9HIvww=,XoG6mwI+KrdtzCpwSKnDH0BbQsc=
-6,9,Ec6YYVpgqtRAFC7C4x2OY9HIvww=,XoG6mwI+KrdtzCpwSKnDH0BbQsc=
-9,11,Ec6YYVpgqtRAFC7C4x2OY9HIvww=,woqkO9dI25741q7YidxyhWyOn8E=
-2,14,Ec6YYVpgqtRAFC7C4x2OY9HIvww=,XoG6mwI+KrdtzCpwSKnDH0BbQsc=
-7,15,Ec6YYVpgqtRAFC7C4x2OY9HIvww=,XoG6mwI+KrdtzCpwSKnDH0BbQsc=
-3,9,Ec6YYVpgqtRAFC7C4x2OY9HIvww=,XoG6mwI+KrdtzCpwSKnDH0BbQsc=
-4,12,Ec6YYVpgqtRAFC7C4x2OY9HIvww=,XoG6mwI+KrdtzCpwSKnDH0BbQsc=
-4,14,Ec6YYVpgqtRAFC7C4x2OY9HIvww=,XoG6mwI+KrdtzCpwSKnDH0BbQsc=
-1,14,Ec6YYVpgqtRAFC7C4x2OY9HIvww=,XoG6mwI+KrdtzCpwSKnDH0BbQsc=
-3,14,Ec6YYVpgqtRAFC7C4x2OY9HIvww=,XoG6mwI+KrdtzCpwSKnDH0BbQsc=
-2,10,Ec6YYVpgqtRAFC7C4x2OY9HIvww=,XoG6mwI+KrdtzCpwSKnDH0BbQsc=
-1,13,Ec6YYVpgqtRAFC7C4x2OY9HIvww=,XoG6mwI+KrdtzCpwSKnDH0BbQsc=
-3,13,Ec6YYVpgqtRAFC7C4x2OY9HIvww=,XoG6mwI+KrdtzCpwSKnDH0BbQsc=
-4,11,Ec6YYVpgqtRAFC7C4x2OY9HIvww=,XoG6mwI+KrdtzCpwSKnDH0BbQsc=
-2,13,Ec6YYVpgqtRAFC7C4x2OY9HIvww=,XoG6mwI+KrdtzCpwSKnDH0BbQsc=
-2,7,qoCgZ2vkgSLB46fhAPV1n5hh/C8=,eqKyjM6mmTXdZ6gIRfxWvg2d5Yo=
-4,7,qoCgZ2vkgSLB46fhAPV1n5hh/C8=,eqKyjM6mmTXdZ6gIRfxWvg2d5Yo=
-5,7,qoCgZ2vkgSLB46fhAPV1n5hh/C8=,eqKyjM6mmTXdZ6gIRfxWvg2d5Yo=
-6,7,qoCgZ2vkgSLB46fhAPV1n5hh/C8=,eqKyjM6mmTXdZ6gIRfxWvg2d5Yo=
-3,7,qoCgZ2vkgSLB46fhAPV1n5hh/C8=,eqKyjM6mmTXdZ6gIRfxWvg2d5Yo=
-8,7,qoCgZ2vkgSLB46fhAPV1n5hh/C8=,eqKyjM6mmTXdZ6gIRfxWvg2d5Yo=
-9,1,qoCgZ2vkgSLB46fhAPV1n5hh/C8=,DiXoN4UZ1riNjs+Gg66x2IWubzU=
-1,7,qoCgZ2vkgSLB46fhAPV1n5hh/C8=,eqKyjM6mmTXdZ6gIRfxWvg2d5Yo=
-5,2,qoCgZ2vkgSLB46fhAPV1n5hh/C8=,eqKyjM6mmTXdZ6gIRfxWvg2d5Yo=
-8,2,qoCgZ2vkgSLB46fhAPV1n5hh/C8=,eqKyjM6mmTXdZ6gIRfxWvg2d5Yo=
-7,7,qoCgZ2vkgSLB46fhAPV1n5hh/C8=,eqKyjM6mmTXdZ6gIRfxWvg2d5Yo=
-3,6,qoCgZ2vkgSLB46fhAPV1n5hh/C8=,eqKyjM6mmTXdZ6gIRfxWvg2d5Yo=
-2,6,qoCgZ2vkgSLB46fhAPV1n5hh/C8=,eqKyjM6mmTXdZ6gIRfxWvg2d5Yo=
-7,1,qoCgZ2vkgSLB46fhAPV1n5hh/C8=,eqKyjM6mmTXdZ6gIRfxWvg2d5Yo=
-4,6,qoCgZ2vkgSLB46fhAPV1n5hh/C8=,eqKyjM6mmTXdZ6gIRfxWvg2d5Yo=
-5,3,qoCgZ2vkgSLB46fhAPV1n5hh/C8=,eqKyjM6mmTXdZ6gIRfxWvg2d5Yo=
-8,3,qoCgZ2vkgSLB46fhAPV1n5hh/C8=,eqKyjM6mmTXdZ6gIRfxWvg2d5Yo=
-9,3,qoCgZ2vkgSLB46fhAPV1n5hh/C8=,DiXoN4UZ1riNjs+Gg66x2IWubzU=
-7,2,qoCgZ2vkgSLB46fhAPV1n5hh/C8=,eqKyjM6mmTXdZ6gIRfxWvg2d5Yo=
-1,6,qoCgZ2vkgSLB46fhAPV1n5hh/C8=,eqKyjM6mmTXdZ6gIRfxWvg2d5Yo=
-6,1,qoCgZ2vkgSLB46fhAPV1n5hh/C8=,eqKyjM6mmTXdZ6gIRfxWvg2d5Yo=
-5,6,qoCgZ2vkgSLB46fhAPV1n5hh/C8=,eqKyjM6mmTXdZ6gIRfxWvg2d5Yo=
-3,1,qoCgZ2vkgSLB46fhAPV1n5hh/C8=,eqKyjM6mmTXdZ6gIRfxWvg2d5Yo=
-2,1,qoCgZ2vkgSLB46fhAPV1n5hh/C8=,eqKyjM6mmTXdZ6gIRfxWvg2d5Yo=
-1,2,qoCgZ2vkgSLB46fhAPV1n5hh/C8=,eqKyjM6mmTXdZ6gIRfxWvg2d5Yo=
-6,6,qoCgZ2vkgSLB46fhAPV1n5hh/C8=,eqKyjM6mmTXdZ6gIRfxWvg2d5Yo=
-4,1,qoCgZ2vkgSLB46fhAPV1n5hh/C8=,eqKyjM6mmTXdZ6gIRfxWvg2d5Yo=
-5,1,qoCgZ2vkgSLB46fhAPV1n5hh/C8=,eqKyjM6mmTXdZ6gIRfxWvg2d5Yo=
-8,1,qoCgZ2vkgSLB46fhAPV1n5hh/C8=,eqKyjM6mmTXdZ6gIRfxWvg2d5Yo=
-6,0,qoCgZ2vkgSLB46fhAPV1n5hh/C8=,eqKyjM6mmTXdZ6gIRfxWvg2d5Yo=
-2,0,qoCgZ2vkgSLB46fhAPV1n5hh/C8=,eqKyjM6mmTXdZ6gIRfxWvg2d5Yo=
-3,5,qoCgZ2vkgSLB46fhAPV1n5hh/C8=,eqKyjM6mmTXdZ6gIRfxWvg2d5Yo=
-3,0,qoCgZ2vkgSLB46fhAPV1n5hh/C8=,eqKyjM6mmTXdZ6gIRfxWvg2d5Yo=
-4,0,qoCgZ2vkgSLB46fhAPV1n5hh/C8=,eqKyjM6mmTXdZ6gIRfxWvg2d5Yo=
-9,8,qoCgZ2vkgSLB46fhAPV1n5hh/C8=,woqkO9dI25741q7YidxyhWyOn8E=
-8,0,qoCgZ2vkgSLB46fhAPV1n5hh/C8=,eqKyjM6mmTXdZ6gIRfxWvg2d5Yo=
-9,2,qoCgZ2vkgSLB46fhAPV1n5hh/C8=,DiXoN4UZ1riNjs+Gg66x2IWubzU=
-7,0,qoCgZ2vkgSLB46fhAPV1n5hh/C8=,eqKyjM6mmTXdZ6gIRfxWvg2d5Yo=
-6,2,qoCgZ2vkgSLB46fhAPV1n5hh/C8=,eqKyjM6mmTXdZ6gIRfxWvg2d5Yo=
-3,2,qoCgZ2vkgSLB46fhAPV1n5hh/C8=,eqKyjM6mmTXdZ6gIRfxWvg2d5Yo=
-1,8,qoCgZ2vkgSLB46fhAPV1n5hh/C8=,XoG6mwI+KrdtzCpwSKnDH0BbQsc=
-2,8,qoCgZ2vkgSLB46fhAPV1n5hh/C8=,XoG6mwI+KrdtzCpwSKnDH0BbQsc=
-4,8,qoCgZ2vkgSLB46fhAPV1n5hh/C8=,XoG6mwI+KrdtzCpwSKnDH0BbQsc=
-3,8,qoCgZ2vkgSLB46fhAPV1n5hh/C8=,XoG6mwI+KrdtzCpwSKnDH0BbQsc=
-9,5,qoCgZ2vkgSLB46fhAPV1n5hh/C8=,DiXoN4UZ1riNjs+Gg66x2IWubzU=
-6,5,qoCgZ2vkgSLB46fhAPV1n5hh/C8=,eqKyjM6mmTXdZ6gIRfxWvg2d5Yo=
-9,0,qoCgZ2vkgSLB46fhAPV1n5hh/C8=,DiXoN4UZ1riNjs+Gg66x2IWubzU=
-9,7,qoCgZ2vkgSLB46fhAPV1n5hh/C8=,DiXoN4UZ1riNjs+Gg66x2IWubzU=
-5,8,qoCgZ2vkgSLB46fhAPV1n5hh/C8=,XoG6mwI+KrdtzCpwSKnDH0BbQsc=
-5,5,qoCgZ2vkgSLB46fhAPV1n5hh/C8=,eqKyjM6mmTXdZ6gIRfxWvg2d5Yo=
-7,8,qoCgZ2vkgSLB46fhAPV1n5hh/C8=,XoG6mwI+KrdtzCpwSKnDH0BbQsc=
-6,8,qoCgZ2vkgSLB46fhAPV1n5hh/C8=,XoG6mwI+KrdtzCpwSKnDH0BbQsc=
-5,0,qoCgZ2vkgSLB46fhAPV1n5hh/C8=,eqKyjM6mmTXdZ6gIRfxWvg2d5Yo=
-8,8,qoCgZ2vkgSLB46fhAPV1n5hh/C8=,XoG6mwI+KrdtzCpwSKnDH0BbQsc=
-7,6,qoCgZ2vkgSLB46fhAPV1n5hh/C8=,eqKyjM6mmTXdZ6gIRfxWvg2d5Yo=
-1,5,qoCgZ2vkgSLB46fhAPV1n5hh/C8=,eqKyjM6mmTXdZ6gIRfxWvg2d5Yo=
-4,2,qoCgZ2vkgSLB46fhAPV1n5hh/C8=,eqKyjM6mmTXdZ6gIRfxWvg2d5Yo=
-7,3,qoCgZ2vkgSLB46fhAPV1n5hh/C8=,eqKyjM6mmTXdZ6gIRfxWvg2d5Yo=
-8,4,qoCgZ2vkgSLB46fhAPV1n5hh/C8=,eqKyjM6mmTXdZ6gIRfxWvg2d5Yo=
-9,4,qoCgZ2vkgSLB46fhAPV1n5hh/C8=,DiXoN4UZ1riNjs+Gg66x2IWubzU=
-8,5,qoCgZ2vkgSLB46fhAPV1n5hh/C8=,eqKyjM6mmTXdZ6gIRfxWvg2d5Yo=
-1,0,qoCgZ2vkgSLB46fhAPV1n5hh/C8=,eqKyjM6mmTXdZ6gIRfxWvg2d5Yo=
-1,3,qoCgZ2vkgSLB46fhAPV1n5hh/C8=,eqKyjM6mmTXdZ6gIRfxWvg2d5Yo=
-1,1,qoCgZ2vkgSLB46fhAPV1n5hh/C8=,eqKyjM6mmTXdZ6gIRfxWvg2d5Yo=
-2,5,qoCgZ2vkgSLB46fhAPV1n5hh/C8=,eqKyjM6mmTXdZ6gIRfxWvg2d5Yo=
-8,6,qoCgZ2vkgSLB46fhAPV1n5hh/C8=,eqKyjM6mmTXdZ6gIRfxWvg2d5Yo=
-6,3,qoCgZ2vkgSLB46fhAPV1n5hh/C8=,eqKyjM6mmTXdZ6gIRfxWvg2d5Yo=
-2,2,qoCgZ2vkgSLB46fhAPV1n5hh/C8=,eqKyjM6mmTXdZ6gIRfxWvg2d5Yo=
-7,5,qoCgZ2vkgSLB46fhAPV1n5hh/C8=,eqKyjM6mmTXdZ6gIRfxWvg2d5Yo=
-4,5,qoCgZ2vkgSLB46fhAPV1n5hh/C8=,eqKyjM6mmTXdZ6gIRfxWvg2d5Yo=
-3,3,qoCgZ2vkgSLB46fhAPV1n5hh/C8=,eqKyjM6mmTXdZ6gIRfxWvg2d5Yo=
-3,4,qoCgZ2vkgSLB46fhAPV1n5hh/C8=,eqKyjM6mmTXdZ6gIRfxWvg2d5Yo=
-9,6,qoCgZ2vkgSLB46fhAPV1n5hh/C8=,DiXoN4UZ1riNjs+Gg66x2IWubzU=
-7,4,qoCgZ2vkgSLB46fhAPV1n5hh/C8=,eqKyjM6mmTXdZ6gIRfxWvg2d5Yo=
-2,3,qoCgZ2vkgSLB46fhAPV1n5hh/C8=,eqKyjM6mmTXdZ6gIRfxWvg2d5Yo=
-4,3,qoCgZ2vkgSLB46fhAPV1n5hh/C8=,eqKyjM6mmTXdZ6gIRfxWvg2d5Yo=
-2,4,qoCgZ2vkgSLB46fhAPV1n5hh/C8=,eqKyjM6mmTXdZ6gIRfxWvg2d5Yo=
-1,4,qoCgZ2vkgSLB46fhAPV1n5hh/C8=,eqKyjM6mmTXdZ6gIRfxWvg2d5Yo=
-4,4,qoCgZ2vkgSLB46fhAPV1n5hh/C8=,eqKyjM6mmTXdZ6gIRfxWvg2d5Yo=
-5,4,qoCgZ2vkgSLB46fhAPV1n5hh/C8=,eqKyjM6mmTXdZ6gIRfxWvg2d5Yo=
-6,4,qoCgZ2vkgSLB46fhAPV1n5hh/C8=,eqKyjM6mmTXdZ6gIRfxWvg2d5Yo=
-2,30,4ydbLsu54aNGru13pxU5UjKgeBE=,FhhIOyzuq+8itxKr1YMCi9NkFeM=
-4,31,4ydbLsu54aNGru13pxU5UjKgeBE=,FhhIOyzuq+8itxKr1YMCi9NkFeM=
-5,31,4ydbLsu54aNGru13pxU5UjKgeBE=,FhhIOyzuq+8itxKr1YMCi9NkFeM=
-3,30,4ydbLsu54aNGru13pxU5UjKgeBE=,FhhIOyzuq+8itxKr1YMCi9NkFeM=
-3,31,4ydbLsu54aNGru13pxU5UjKgeBE=,FhhIOyzuq+8itxKr1YMCi9NkFeM=
-1,29,4ydbLsu54aNGru13pxU5UjKgeBE=,FhhIOyzuq+8itxKr1YMCi9NkFeM=
-5,26,4ydbLsu54aNGru13pxU5UjKgeBE=,FhhIOyzuq+8itxKr1YMCi9NkFeM=
-7,26,4ydbLsu54aNGru13pxU5UjKgeBE=,FhhIOyzuq+8itxKr1YMCi9NkFeM=
-4,30,4ydbLsu54aNGru13pxU5UjKgeBE=,FhhIOyzuq+8itxKr1YMCi9NkFeM=
-6,26,4ydbLsu54aNGru13pxU5UjKgeBE=,FhhIOyzuq+8itxKr1YMCi9NkFeM=
-2,31,4ydbLsu54aNGru13pxU5UjKgeBE=,FhhIOyzuq+8itxKr1YMCi9NkFeM=
-6,31,4ydbLsu54aNGru13pxU5UjKgeBE=,FhhIOyzuq+8itxKr1YMCi9NkFeM=
-8,26,4ydbLsu54aNGru13pxU5UjKgeBE=,FhhIOyzuq+8itxKr1YMCi9NkFeM=
-1,25,4ydbLsu54aNGru13pxU5UjKgeBE=,FhhIOyzuq+8itxKr1YMCi9NkFeM=
-5,25,4ydbLsu54aNGru13pxU5UjKgeBE=,FhhIOyzuq+8itxKr1YMCi9NkFeM=
-2,29,4ydbLsu54aNGru13pxU5UjKgeBE=,FhhIOyzuq+8itxKr1YMCi9NkFeM=
-5,30,4ydbLsu54aNGru13pxU5UjKgeBE=,FhhIOyzuq+8itxKr1YMCi9NkFeM=
-6,25,4ydbLsu54aNGru13pxU5UjKgeBE=,FhhIOyzuq+8itxKr1YMCi9NkFeM=
-1,31,4ydbLsu54aNGru13pxU5UjKgeBE=,FhhIOyzuq+8itxKr1YMCi9NkFeM=
-2,25,4ydbLsu54aNGru13pxU5UjKgeBE=,FhhIOyzuq+8itxKr1YMCi9NkFeM=
-3,29,4ydbLsu54aNGru13pxU5UjKgeBE=,FhhIOyzuq+8itxKr1YMCi9NkFeM=
-3,25,4ydbLsu54aNGru13pxU5UjKgeBE=,FhhIOyzuq+8itxKr1YMCi9NkFeM=
-4,29,4ydbLsu54aNGru13pxU5UjKgeBE=,FhhIOyzuq+8itxKr1YMCi9NkFeM=
-7,25,4ydbLsu54aNGru13pxU5UjKgeBE=,FhhIOyzuq+8itxKr1YMCi9NkFeM=
-1,30,4ydbLsu54aNGru13pxU5UjKgeBE=,FhhIOyzuq+8itxKr1YMCi9NkFeM=
-8,25,4ydbLsu54aNGru13pxU5UjKgeBE=,FhhIOyzuq+8itxKr1YMCi9NkFeM=
-6,30,4ydbLsu54aNGru13pxU5UjKgeBE=,FhhIOyzuq+8itxKr1YMCi9NkFeM=
-7,30,4ydbLsu54aNGru13pxU5UjKgeBE=,FhhIOyzuq+8itxKr1YMCi9NkFeM=
-5,29,4ydbLsu54aNGru13pxU5UjKgeBE=,FhhIOyzuq+8itxKr1YMCi9NkFeM=
-5,27,4ydbLsu54aNGru13pxU5UjKgeBE=,FhhIOyzuq+8itxKr1YMCi9NkFeM=
-7,31,4ydbLsu54aNGru13pxU5UjKgeBE=,FhhIOyzuq+8itxKr1YMCi9NkFeM=
-7,29,4ydbLsu54aNGru13pxU5UjKgeBE=,FhhIOyzuq+8itxKr1YMCi9NkFeM=
-6,27,4ydbLsu54aNGru13pxU5UjKgeBE=,FhhIOyzuq+8itxKr1YMCi9NkFeM=
-6,29,4ydbLsu54aNGru13pxU5UjKgeBE=,FhhIOyzuq+8itxKr1YMCi9NkFeM=
-7,28,4ydbLsu54aNGru13pxU5UjKgeBE=,FhhIOyzuq+8itxKr1YMCi9NkFeM=
-8,30,4ydbLsu54aNGru13pxU5UjKgeBE=,FhhIOyzuq+8itxKr1YMCi9NkFeM=
-8,28,4ydbLsu54aNGru13pxU5UjKgeBE=,FhhIOyzuq+8itxKr1YMCi9NkFeM=
-7,27,4ydbLsu54aNGru13pxU5UjKgeBE=,FhhIOyzuq+8itxKr1YMCi9NkFeM=
-8,27,4ydbLsu54aNGru13pxU5UjKgeBE=,FhhIOyzuq+8itxKr1YMCi9NkFeM=
-1,27,4ydbLsu54aNGru13pxU5UjKgeBE=,FhhIOyzuq+8itxKr1YMCi9NkFeM=
-2,27,4ydbLsu54aNGru13pxU5UjKgeBE=,FhhIOyzuq+8itxKr1YMCi9NkFeM=
-8,29,4ydbLsu54aNGru13pxU5UjKgeBE=,FhhIOyzuq+8itxKr1YMCi9NkFeM=
-4,26,4ydbLsu54aNGru13pxU5UjKgeBE=,FhhIOyzuq+8itxKr1YMCi9NkFeM=
-3,27,4ydbLsu54aNGru13pxU5UjKgeBE=,FhhIOyzuq+8itxKr1YMCi9NkFeM=
-2,26,4ydbLsu54aNGru13pxU5UjKgeBE=,FhhIOyzuq+8itxKr1YMCi9NkFeM=
-3,26,4ydbLsu54aNGru13pxU5UjKgeBE=,FhhIOyzuq+8itxKr1YMCi9NkFeM=
-1,26,4ydbLsu54aNGru13pxU5UjKgeBE=,FhhIOyzuq+8itxKr1YMCi9NkFeM=
-2,28,4ydbLsu54aNGru13pxU5UjKgeBE=,FhhIOyzuq+8itxKr1YMCi9NkFeM=
-4,28,4ydbLsu54aNGru13pxU5UjKgeBE=,FhhIOyzuq+8itxKr1YMCi9NkFeM=
-5,28,4ydbLsu54aNGru13pxU5UjKgeBE=,FhhIOyzuq+8itxKr1YMCi9NkFeM=
-8,31,4ydbLsu54aNGru13pxU5UjKgeBE=,FhhIOyzuq+8itxKr1YMCi9NkFeM=
-6,28,4ydbLsu54aNGru13pxU5UjKgeBE=,FhhIOyzuq+8itxKr1YMCi9NkFeM=
-1,28,4ydbLsu54aNGru13pxU5UjKgeBE=,FhhIOyzuq+8itxKr1YMCi9NkFeM=
-4,25,4ydbLsu54aNGru13pxU5UjKgeBE=,FhhIOyzuq+8itxKr1YMCi9NkFeM=
-4,27,4ydbLsu54aNGru13pxU5UjKgeBE=,FhhIOyzuq+8itxKr1YMCi9NkFeM=
-3,28,4ydbLsu54aNGru13pxU5UjKgeBE=,FhhIOyzuq+8itxKr1YMCi9NkFeM=
-5,23,4ydbLsu54aNGru13pxU5UjKgeBE=,ZFYKcYPMCk8PNoiNBBE4VKuURBk=
-6,23,4ydbLsu54aNGru13pxU5UjKgeBE=,ZFYKcYPMCk8PNoiNBBE4VKuURBk=
-7,23,4ydbLsu54aNGru13pxU5UjKgeBE=,ZFYKcYPMCk8PNoiNBBE4VKuURBk=
-8,23,4ydbLsu54aNGru13pxU5UjKgeBE=,ZFYKcYPMCk8PNoiNBBE4VKuURBk=
-5,22,4ydbLsu54aNGru13pxU5UjKgeBE=,ZFYKcYPMCk8PNoiNBBE4VKuURBk=
-7,22,4ydbLsu54aNGru13pxU5UjKgeBE=,ZFYKcYPMCk8PNoiNBBE4VKuURBk=
-6,22,4ydbLsu54aNGru13pxU5UjKgeBE=,ZFYKcYPMCk8PNoiNBBE4VKuURBk=
-8,22,4ydbLsu54aNGru13pxU5UjKgeBE=,ZFYKcYPMCk8PNoiNBBE4VKuURBk=
-4,22,4ydbLsu54aNGru13pxU5UjKgeBE=,ZFYKcYPMCk8PNoiNBBE4VKuURBk=
-3,22,4ydbLsu54aNGru13pxU5UjKgeBE=,ZFYKcYPMCk8PNoiNBBE4VKuURBk=
-3,21,4ydbLsu54aNGru13pxU5UjKgeBE=,ZFYKcYPMCk8PNoiNBBE4VKuURBk=
-6,21,4ydbLsu54aNGru13pxU5UjKgeBE=,ZFYKcYPMCk8PNoiNBBE4VKuURBk=
-8,21,4ydbLsu54aNGru13pxU5UjKgeBE=,ZFYKcYPMCk8PNoiNBBE4VKuURBk=
-7,21,4ydbLsu54aNGru13pxU5UjKgeBE=,ZFYKcYPMCk8PNoiNBBE4VKuURBk=
-4,21,4ydbLsu54aNGru13pxU5UjKgeBE=,ZFYKcYPMCk8PNoiNBBE4VKuURBk=
-3,20,4ydbLsu54aNGru13pxU5UjKgeBE=,ZFYKcYPMCk8PNoiNBBE4VKuURBk=
-5,24,4ydbLsu54aNGru13pxU5UjKgeBE=,FhhIOyzuq+8itxKr1YMCi9NkFeM=
-4,20,4ydbLsu54aNGru13pxU5UjKgeBE=,ZFYKcYPMCk8PNoiNBBE4VKuURBk=
-5,20,4ydbLsu54aNGru13pxU5UjKgeBE=,ZFYKcYPMCk8PNoiNBBE4VKuURBk=
-8,20,4ydbLsu54aNGru13pxU5UjKgeBE=,ZFYKcYPMCk8PNoiNBBE4VKuURBk=
-4,23,4ydbLsu54aNGru13pxU5UjKgeBE=,ZFYKcYPMCk8PNoiNBBE4VKuURBk=
-5,21,4ydbLsu54aNGru13pxU5UjKgeBE=,ZFYKcYPMCk8PNoiNBBE4VKuURBk=
-6,20,4ydbLsu54aNGru13pxU5UjKgeBE=,ZFYKcYPMCk8PNoiNBBE4VKuURBk=
-6,19,4ydbLsu54aNGru13pxU5UjKgeBE=,ZFYKcYPMCk8PNoiNBBE4VKuURBk=
-7,20,4ydbLsu54aNGru13pxU5UjKgeBE=,ZFYKcYPMCk8PNoiNBBE4VKuURBk=
-3,19,4ydbLsu54aNGru13pxU5UjKgeBE=,ZFYKcYPMCk8PNoiNBBE4VKuURBk=
-2,20,4ydbLsu54aNGru13pxU5UjKgeBE=,ZFYKcYPMCk8PNoiNBBE4VKuURBk=
-3,23,4ydbLsu54aNGru13pxU5UjKgeBE=,ZFYKcYPMCk8PNoiNBBE4VKuURBk=
-7,19,4ydbLsu54aNGru13pxU5UjKgeBE=,ZFYKcYPMCk8PNoiNBBE4VKuURBk=
-4,19,4ydbLsu54aNGru13pxU5UjKgeBE=,ZFYKcYPMCk8PNoiNBBE4VKuURBk=
-2,19,4ydbLsu54aNGru13pxU5UjKgeBE=,ZFYKcYPMCk8PNoiNBBE4VKuURBk=
-8,19,4ydbLsu54aNGru13pxU5UjKgeBE=,ZFYKcYPMCk8PNoiNBBE4VKuURBk=
-2,21,4ydbLsu54aNGru13pxU5UjKgeBE=,ZFYKcYPMCk8PNoiNBBE4VKuURBk=
-3,18,4ydbLsu54aNGru13pxU5UjKgeBE=,ZFYKcYPMCk8PNoiNBBE4VKuURBk=
-5,19,4ydbLsu54aNGru13pxU5UjKgeBE=,ZFYKcYPMCk8PNoiNBBE4VKuURBk=
-1,19,4ydbLsu54aNGru13pxU5UjKgeBE=,ZFYKcYPMCk8PNoiNBBE4VKuURBk=
-1,20,4ydbLsu54aNGru13pxU5UjKgeBE=,ZFYKcYPMCk8PNoiNBBE4VKuURBk=
-1,21,4ydbLsu54aNGru13pxU5UjKgeBE=,ZFYKcYPMCk8PNoiNBBE4VKuURBk=
-2,18,4ydbLsu54aNGru13pxU5UjKgeBE=,ZFYKcYPMCk8PNoiNBBE4VKuURBk=
-7,18,4ydbLsu54aNGru13pxU5UjKgeBE=,ZFYKcYPMCk8PNoiNBBE4VKuURBk=
-6,18,4ydbLsu54aNGru13pxU5UjKgeBE=,ZFYKcYPMCk8PNoiNBBE4VKuURBk=
-8,18,4ydbLsu54aNGru13pxU5UjKgeBE=,ZFYKcYPMCk8PNoiNBBE4VKuURBk=
-1,18,4ydbLsu54aNGru13pxU5UjKgeBE=,ZFYKcYPMCk8PNoiNBBE4VKuURBk=
-5,18,4ydbLsu54aNGru13pxU5UjKgeBE=,ZFYKcYPMCk8PNoiNBBE4VKuURBk=
-4,18,4ydbLsu54aNGru13pxU5UjKgeBE=,ZFYKcYPMCk8PNoiNBBE4VKuURBk=
-6,24,4ydbLsu54aNGru13pxU5UjKgeBE=,FhhIOyzuq+8itxKr1YMCi9NkFeM=
-4,17,4ydbLsu54aNGru13pxU5UjKgeBE=,ZFYKcYPMCk8PNoiNBBE4VKuURBk=
-1,24,4ydbLsu54aNGru13pxU5UjKgeBE=,FhhIOyzuq+8itxKr1YMCi9NkFeM=
-6,17,4ydbLsu54aNGru13pxU5UjKgeBE=,ZFYKcYPMCk8PNoiNBBE4VKuURBk=
-2,24,4ydbLsu54aNGru13pxU5UjKgeBE=,FhhIOyzuq+8itxKr1YMCi9NkFeM=
-5,17,4ydbLsu54aNGru13pxU5UjKgeBE=,ZFYKcYPMCk8PNoiNBBE4VKuURBk=
-2,23,4ydbLsu54aNGru13pxU5UjKgeBE=,ZFYKcYPMCk8PNoiNBBE4VKuURBk=
-7,24,4ydbLsu54aNGru13pxU5UjKgeBE=,FhhIOyzuq+8itxKr1YMCi9NkFeM=
-8,17,4ydbLsu54aNGru13pxU5UjKgeBE=,ZFYKcYPMCk8PNoiNBBE4VKuURBk=
-8,24,4ydbLsu54aNGru13pxU5UjKgeBE=,FhhIOyzuq+8itxKr1YMCi9NkFeM=
-7,17,4ydbLsu54aNGru13pxU5UjKgeBE=,ZFYKcYPMCk8PNoiNBBE4VKuURBk=
-3,16,4ydbLsu54aNGru13pxU5UjKgeBE=,ZFYKcYPMCk8PNoiNBBE4VKuURBk=
-4,16,4ydbLsu54aNGru13pxU5UjKgeBE=,ZFYKcYPMCk8PNoiNBBE4VKuURBk=
-8,16,4ydbLsu54aNGru13pxU5UjKgeBE=,ZFYKcYPMCk8PNoiNBBE4VKuURBk=
-3,17,4ydbLsu54aNGru13pxU5UjKgeBE=,ZFYKcYPMCk8PNoiNBBE4VKuURBk=
-3,24,4ydbLsu54aNGru13pxU5UjKgeBE=,FhhIOyzuq+8itxKr1YMCi9NkFeM=
-4,24,4ydbLsu54aNGru13pxU5UjKgeBE=,FhhIOyzuq+8itxKr1YMCi9NkFeM=
-2,17,4ydbLsu54aNGru13pxU5UjKgeBE=,ZFYKcYPMCk8PNoiNBBE4VKuURBk=
-5,16,4ydbLsu54aNGru13pxU5UjKgeBE=,ZFYKcYPMCk8PNoiNBBE4VKuURBk=
-6,16,4ydbLsu54aNGru13pxU5UjKgeBE=,ZFYKcYPMCk8PNoiNBBE4VKuURBk=
-7,16,4ydbLsu54aNGru13pxU5UjKgeBE=,ZFYKcYPMCk8PNoiNBBE4VKuURBk=
-2,22,4ydbLsu54aNGru13pxU5UjKgeBE=,ZFYKcYPMCk8PNoiNBBE4VKuURBk=
-2,16,4ydbLsu54aNGru13pxU5UjKgeBE=,ZFYKcYPMCk8PNoiNBBE4VKuURBk=
-1,23,4ydbLsu54aNGru13pxU5UjKgeBE=,ZFYKcYPMCk8PNoiNBBE4VKuURBk=
-1,22,4ydbLsu54aNGru13pxU5UjKgeBE=,ZFYKcYPMCk8PNoiNBBE4VKuURBk=
-1,16,4ydbLsu54aNGru13pxU5UjKgeBE=,ZFYKcYPMCk8PNoiNBBE4VKuURBk=
-1,17,4ydbLsu54aNGru13pxU5UjKgeBE=,ZFYKcYPMCk8PNoiNBBE4VKuURBk=
