20,-5,9kj81pfSN0ti3WpUCo2JjUOGNKU=,LmfaJPqpPAdxTtjJVJhdOZheRYM=
21,-5,9kj81pfSN0ti3WpUCo2JjUOGNKU=,LmfaJPqpPAdxTtjJVJhdOZheRYM=
22,-5,9kj81pfSN0ti3WpUCo2JjUOGNKU=,LmfaJPqpPAdxTtjJVJhdOZheRYM=
19,-5,9kj81pfSN0ti3WpUCo2JjUOGNKU=,LmfaJPqpPAdxTtjJVJhdOZheRYM=
20,-15,9kj81pfSN0ti3WpUCo2JjUOGNKU=,kiT+uyYj9ueaEHg8MXwkjEnAco0=
17,-4,9kj81pfSN0ti3WpUCo2JjUOGNKU=,LmfaJPqpPAdxTtjJVJhdOZheRYM=
22,-6,9kj81pfSN0ti3WpUCo2JjUOGNKU=,LmfaJPqpPAdxTtjJVJhdOZheRYM=
21,-15,9kj81pfSN0ti3WpUCo2JjUOGNKU=,kiT+uyYj9ueaEHg8MXwkjEnAco0=
18,-5,9kj81pfSN0ti3WpUCo2JjUOGNKU=,LmfaJPqpPAdxTtjJVJhdOZheRYM=
17,-15,9kj81pfSN0ti3WpUCo2JjUOGNKU=,kiT+uyYj9ueaEHg8MXwkjEnAco0=
20,-6,9kj81pfSN0ti3WpUCo2JjUOGNKU=,LmfaJPqpPAdxTtjJVJhdOZheRYM=
18,-4,9kj81pfSN0ti3WpUCo2JjUOGNKU=,LmfaJPqpPAdxTtjJVJhdOZheRYM=
22,-9,9kj81pfSN0ti3WpUCo2JjUOGNKU=,kiT+uyYj9ueaEHg8MXwkjEnAco0=
21,-6,9kj81pfSN0ti3WpUCo2JjUOGNKU=,LmfaJPqpPAdxTtjJVJhdOZheRYM=
21,-9,9kj81pfSN0ti3WpUCo2JjUOGNKU=,kiT+uyYj9ueaEHg8MXwkjEnAco0=
17,-5,9kj81pfSN0ti3WpUCo2JjUOGNKU=,LmfaJPqpPAdxTtjJVJhdOZheRYM=
19,-9,9kj81pfSN0ti3WpUCo2JjUOGNKU=,kiT+uyYj9ueaEHg8MXwkjEnAco0=
20,-9,9kj81pfSN0ti3WpUCo2JjUOGNKU=,kiT+uyYj9ueaEHg8MXwkjEnAco0=
19,-4,9kj81pfSN0ti3WpUCo2JjUOGNKU=,LmfaJPqpPAdxTtjJVJhdOZheRYM=
21,-11,9kj81pfSN0ti3WpUCo2JjUOGNKU=,kiT+uyYj9ueaEHg8MXwkjEnAco0=
18,-6,9kj81pfSN0ti3WpUCo2JjUOGNKU=,LmfaJPqpPAdxTtjJVJhdOZheRYM=
18,-9,9kj81pfSN0ti3WpUCo2JjUOGNKU=,kiT+uyYj9ueaEHg8MXwkjEnAco0=
17,-6,9kj81pfSN0ti3WpUCo2JjUOGNKU=,LmfaJPqpPAdxTtjJVJhdOZheRYM=
18,-15,9kj81pfSN0ti3WpUCo2JjUOGNKU=,kiT+uyYj9ueaEHg8MXwkjEnAco0=
20,-4,9kj81pfSN0ti3WpUCo2JjUOGNKU=,LmfaJPqpPAdxTtjJVJhdOZheRYM=
17,-9,9kj81pfSN0ti3WpUCo2JjUOGNKU=,kiT+uyYj9ueaEHg8MXwkjEnAco0=
19,-15,9kj81pfSN0ti3WpUCo2JjUOGNKU=,kiT+uyYj9ueaEHg8MXwkjEnAco0=
20,-7,9kj81pfSN0ti3WpUCo2JjUOGNKU=,LmfaJPqpPAdxTtjJVJhdOZheRYM=
20,-11,9kj81pfSN0ti3WpUCo2JjUOGNKU=,kiT+uyYj9ueaEHg8MXwkjEnAco0=
19,-6,9kj81pfSN0ti3WpUCo2JjUOGNKU=,LmfaJPqpPAdxTtjJVJhdOZheRYM=
19,-11,9kj81pfSN0ti3WpUCo2JjUOGNKU=,kiT+uyYj9ueaEHg8MXwkjEnAco0=
22,-15,9kj81pfSN0ti3WpUCo2JjUOGNKU=,kiT+uyYj9ueaEHg8MXwkjEnAco0=
21,-4,9kj81pfSN0ti3WpUCo2JjUOGNKU=,LmfaJPqpPAdxTtjJVJhdOZheRYM=
22,-11,9kj81pfSN0ti3WpUCo2JjUOGNKU=,kiT+uyYj9ueaEHg8MXwkjEnAco0=
17,-7,9kj81pfSN0ti3WpUCo2JjUOGNKU=,LmfaJPqpPAdxTtjJVJhdOZheRYM=
18,-7,9kj81pfSN0ti3WpUCo2JjUOGNKU=,LmfaJPqpPAdxTtjJVJhdOZheRYM=
22,-2,9kj81pfSN0ti3WpUCo2JjUOGNKU=,LmfaJPqpPAdxTtjJVJhdOZheRYM=
22,-8,9kj81pfSN0ti3WpUCo2JjUOGNKU=,LmfaJPqpPAdxTtjJVJhdOZheRYM=
22,-7,9kj81pfSN0ti3WpUCo2JjUOGNKU=,LmfaJPqpPAdxTtjJVJhdOZheRYM=
21,-7,9kj81pfSN0ti3WpUCo2JjUOGNKU=,LmfaJPqpPAdxTtjJVJhdOZheRYM=
18,-11,9kj81pfSN0ti3WpUCo2JjUOGNKU=,kiT+uyYj9ueaEHg8MXwkjEnAco0=
19,-2,9kj81pfSN0ti3WpUCo2JjUOGNKU=,LmfaJPqpPAdxTtjJVJhdOZheRYM=
20,-2,9kj81pfSN0ti3WpUCo2JjUOGNKU=,LmfaJPqpPAdxTtjJVJhdOZheRYM=
22,-4,9kj81pfSN0ti3WpUCo2JjUOGNKU=,LmfaJPqpPAdxTtjJVJhdOZheRYM=
18,-2,9kj81pfSN0ti3WpUCo2JjUOGNKU=,LmfaJPqpPAdxTtjJVJhdOZheRYM=
17,-14,9kj81pfSN0ti3WpUCo2JjUOGNKU=,kiT+uyYj9ueaEHg8MXwkjEnAco0=
21,-2,9kj81pfSN0ti3WpUCo2JjUOGNKU=,LmfaJPqpPAdxTtjJVJhdOZheRYM=
17,-11,9kj81pfSN0ti3WpUCo2JjUOGNKU=,kiT+uyYj9ueaEHg8MXwkjEnAco0=
22,-3,9kj81pfSN0ti3WpUCo2JjUOGNKU=,LmfaJPqpPAdxTtjJVJhdOZheRYM=
19,-7,9kj81pfSN0ti3WpUCo2JjUOGNKU=,LmfaJPqpPAdxTtjJVJhdOZheRYM=
19,-3,9kj81pfSN0ti3WpUCo2JjUOGNKU=,LmfaJPqpPAdxTtjJVJhdOZheRYM=
17,-3,9kj81pfSN0ti3WpUCo2JjUOGNKU=,LmfaJPqpPAdxTtjJVJhdOZheRYM=
19,-8,9kj81pfSN0ti3WpUCo2JjUOGNKU=,LmfaJPqpPAdxTtjJVJhdOZheRYM=
20,-3,9kj81pfSN0ti3WpUCo2JjUOGNKU=,LmfaJPqpPAdxTtjJVJhdOZheRYM=
20,-8,9kj81pfSN0ti3WpUCo2JjUOGNKU=,LmfaJPqpPAdxTtjJVJhdOZheRYM=
18,-14,9kj81pfSN0ti3WpUCo2JjUOGNKU=,kiT+uyYj9ueaEHg8MXwkjEnAco0=
17,-8,9kj81pfSN0ti3WpUCo2JjUOGNKU=,LmfaJPqpPAdxTtjJVJhdOZheRYM=
18,-3,9kj81pfSN0ti3WpUCo2JjUOGNKU=,LmfaJPqpPAdxTtjJVJhdOZheRYM=
21,-10,9kj81pfSN0ti3WpUCo2JjUOGNKU=,kiT+uyYj9ueaEHg8MXwkjEnAco0=
18,-8,9kj81pfSN0ti3WpUCo2JjUOGNKU=,LmfaJPqpPAdxTtjJVJhdOZheRYM=
19,-10,9kj81pfSN0ti3WpUCo2JjUOGNKU=,kiT+uyYj9ueaEHg8MXwkjEnAco0=
20,-12,9kj81pfSN0ti3WpUCo2JjUOGNKU=,kiT+uyYj9ueaEHg8MXwkjEnAco0=
19,-14,9kj81pfSN0ti3WpUCo2JjUOGNKU=,kiT+uyYj9ueaEHg8MXwkjEnAco0=
21,-8,9kj81pfSN0ti3WpUCo2JjUOGNKU=,LmfaJPqpPAdxTtjJVJhdOZheRYM=
17,-2,9kj81pfSN0ti3WpUCo2JjUOGNKU=,LmfaJPqpPAdxTtjJVJhdOZheRYM=
18,-10,9kj81pfSN0ti3WpUCo2JjUOGNKU=,kiT+uyYj9ueaEHg8MXwkjEnAco0=
20,-10,9kj81pfSN0ti3WpUCo2JjUOGNKU=,kiT+uyYj9ueaEHg8MXwkjEnAco0=
22,-10,9kj81pfSN0ti3WpUCo2JjUOGNKU=,kiT+uyYj9ueaEHg8MXwkjEnAco0=
19,-12,9kj81pfSN0ti3WpUCo2JjUOGNKU=,kiT+uyYj9ueaEHg8MXwkjEnAco0=
18,-13,9kj81pfSN0ti3WpUCo2JjUOGNKU=,kiT+uyYj9ueaEHg8MXwkjEnAco0=
21,-13,9kj81pfSN0ti3WpUCo2JjUOGNKU=,kiT+uyYj9ueaEHg8MXwkjEnAco0=
22,-12,9kj81pfSN0ti3WpUCo2JjUOGNKU=,kiT+uyYj9ueaEHg8MXwkjEnAco0=
17,-13,9kj81pfSN0ti3WpUCo2JjUOGNKU=,kiT+uyYj9ueaEHg8MXwkjEnAco0=
20,-13,9kj81pfSN0ti3WpUCo2JjUOGNKU=,kiT+uyYj9ueaEHg8MXwkjEnAco0=
17,-12,9kj81pfSN0ti3WpUCo2JjUOGNKU=,kiT+uyYj9ueaEHg8MXwkjEnAco0=
17,-10,9kj81pfSN0ti3WpUCo2JjUOGNKU=,kiT+uyYj9ueaEHg8MXwkjEnAco0=
22,-13,9kj81pfSN0ti3WpUCo2JjUOGNKU=,kiT+uyYj9ueaEHg8MXwkjEnAco0=
18,-12,9kj81pfSN0ti3WpUCo2JjUOGNKU=,kiT+uyYj9ueaEHg8MXwkjEnAco0=
21,-12,9kj81pfSN0ti3WpUCo2JjUOGNKU=,kiT+uyYj9ueaEHg8MXwkjEnAco0=
19,-13,9kj81pfSN0ti3WpUCo2JjUOGNKU=,kiT+uyYj9ueaEHg8MXwkjEnAco0=
21,-3,9kj81pfSN0ti3WpUCo2JjUOGNKU=,LmfaJPqpPAdxTtjJVJhdOZheRYM=
21,-14,9kj81pfSN0ti3WpUCo2JjUOGNKU=,kiT+uyYj9ueaEHg8MXwkjEnAco0=
22,-14,9kj81pfSN0ti3WpUCo2JjUOGNKU=,kiT+uyYj9ueaEHg8MXwkjEnAco0=
20,-14,9kj81pfSN0ti3WpUCo2JjUOGNKU=,kiT+uyYj9ueaEHg8MXwkjEnAco0=
17,-1,9kj81pfSN0ti3WpUCo2JjUOGNKU=,LmfaJPqpPAdxTtjJVJhdOZheRYM=
22,-1,9kj81pfSN0ti3WpUCo2JjUOGNKU=,LmfaJPqpPAdxTtjJVJhdOZheRYM=
18,-1,9kj81pfSN0ti3WpUCo2JjUOGNKU=,LmfaJPqpPAdxTtjJVJhdOZheRYM=
21,-1,9kj81pfSN0ti3WpUCo2JjUOGNKU=,LmfaJPqpPAdxTtjJVJhdOZheRYM=
20,-1,9kj81pfSN0ti3WpUCo2JjUOGNKU=,LmfaJPqpPAdxTtjJVJhdOZheRYM=
19,-1,9kj81pfSN0ti3WpUCo2JjUOGNKU=,LmfaJPqpPAdxTtjJVJhdOZheRYM=
26,-13,9kj81pfSN0ti3WpUCo2JjUOGNKU=,kaKqsRlxIijYuycYv7iIGoc7S2Q=
27,-13,9kj81pfSN0ti3WpUCo2JjUOGNKU=,kaKqsRlxIijYuycYv7iIGoc7S2Q=
24,-13,9kj81pfSN0ti3WpUCo2JjUOGNKU=,kaKqsRlxIijYuycYv7iIGoc7S2Q=
25,-13,9kj81pfSN0ti3WpUCo2JjUOGNKU=,kaKqsRlxIijYuycYv7iIGoc7S2Q=
26,-14,9kj81pfSN0ti3WpUCo2JjUOGNKU=,kaKqsRlxIijYuycYv7iIGoc7S2Q=
23,-12,9kj81pfSN0ti3WpUCo2JjUOGNKU=,kiT+uyYj9ueaEHg8MXwkjEnAco0=
23,-10,9kj81pfSN0ti3WpUCo2JjUOGNKU=,kiT+uyYj9ueaEHg8MXwkjEnAco0=
28,-15,9kj81pfSN0ti3WpUCo2JjUOGNKU=,kaKqsRlxIijYuycYv7iIGoc7S2Q=
25,-14,9kj81pfSN0ti3WpUCo2JjUOGNKU=,kaKqsRlxIijYuycYv7iIGoc7S2Q=
24,-14,9kj81pfSN0ti3WpUCo2JjUOGNKU=,kaKqsRlxIijYuycYv7iIGoc7S2Q=
31,-15,QNq9/qJKeF6XOVWN30VUZmR7oi4=,kaKqsRlxIijYuycYv7iIGoc7S2Q=
31,-10,QNq9/qJKeF6XOVWN30VUZmR7oi4=,kaKqsRlxIijYuycYv7iIGoc7S2Q=
28,-14,QNq9/qJKeF6XOVWN30VUZmR7oi4=,kaKqsRlxIijYuycYv7iIGoc7S2Q=
28,-13,QNq9/qJKeF6XOVWN30VUZmR7oi4=,kaKqsRlxIijYuycYv7iIGoc7S2Q=
30,-14,QNq9/qJKeF6XOVWN30VUZmR7oi4=,kaKqsRlxIijYuycYv7iIGoc7S2Q=
23,-11,QNq9/qJKeF6XOVWN30VUZmR7oi4=,kiT+uyYj9ueaEHg8MXwkjEnAco0=
30,-4,QNq9/qJKeF6XOVWN30VUZmR7oi4=,wJ5bfAwT++1M17hdBEvibf2QZH4=
29,-14,QNq9/qJKeF6XOVWN30VUZmR7oi4=,kaKqsRlxIijYuycYv7iIGoc7S2Q=
27,-14,QNq9/qJKeF6XOVWN30VUZmR7oi4=,kaKqsRlxIijYuycYv7iIGoc7S2Q=
23,-13,QNq9/qJKeF6XOVWN30VUZmR7oi4=,kiT+uyYj9ueaEHg8MXwkjEnAco0=
31,-14,QNq9/qJKeF6XOVWN30VUZmR7oi4=,kaKqsRlxIijYuycYv7iIGoc7S2Q=
30,-10,QNq9/qJKeF6XOVWN30VUZmR7oi4=,kaKqsRlxIijYuycYv7iIGoc7S2Q=
30,-15,QNq9/qJKeF6XOVWN30VUZmR7oi4=,kaKqsRlxIijYuycYv7iIGoc7S2Q=
29,-15,QNq9/qJKeF6XOVWN30VUZmR7oi4=,kaKqsRlxIijYuycYv7iIGoc7S2Q=
24,-15,QNq9/qJKeF6XOVWN30VUZmR7oi4=,kaKqsRlxIijYuycYv7iIGoc7S2Q=
28,-10,QNq9/qJKeF6XOVWN30VUZmR7oi4=,kaKqsRlxIijYuycYv7iIGoc7S2Q=
29,-10,QNq9/qJKeF6XOVWN30VUZmR7oi4=,kaKqsRlxIijYuycYv7iIGoc7S2Q=
27,-15,QNq9/qJKeF6XOVWN30VUZmR7oi4=,kaKqsRlxIijYuycYv7iIGoc7S2Q=
24,-10,QNq9/qJKeF6XOVWN30VUZmR7oi4=,kaKqsRlxIijYuycYv7iIGoc7S2Q=
16,-14,QNq9/qJKeF6XOVWN30VUZmR7oi4=,kiT+uyYj9ueaEHg8MXwkjEnAco0=
31,-11,QNq9/qJKeF6XOVWN30VUZmR7oi4=,kaKqsRlxIijYuycYv7iIGoc7S2Q=
30,-11,QNq9/qJKeF6XOVWN30VUZmR7oi4=,kaKqsRlxIijYuycYv7iIGoc7S2Q=
24,-16,QNq9/qJKeF6XOVWN30VUZmR7oi4=,kaKqsRlxIijYuycYv7iIGoc7S2Q=
26,-15,QNq9/qJKeF6XOVWN30VUZmR7oi4=,kaKqsRlxIijYuycYv7iIGoc7S2Q=
29,-11,QNq9/qJKeF6XOVWN30VUZmR7oi4=,kaKqsRlxIijYuycYv7iIGoc7S2Q=
23,-9,QNq9/qJKeF6XOVWN30VUZmR7oi4=,kiT+uyYj9ueaEHg8MXwkjEnAco0=
25,-15,QNq9/qJKeF6XOVWN30VUZmR7oi4=,kaKqsRlxIijYuycYv7iIGoc7S2Q=
31,-4,QNq9/qJKeF6XOVWN30VUZmR7oi4=,wJ5bfAwT++1M17hdBEvibf2QZH4=
26,-10,QNq9/qJKeF6XOVWN30VUZmR7oi4=,kaKqsRlxIijYuycYv7iIGoc7S2Q=
16,-13,QNq9/qJKeF6XOVWN30VUZmR7oi4=,kiT+uyYj9ueaEHg8MXwkjEnAco0=
26,-11,QNq9/qJKeF6XOVWN30VUZmR7oi4=,kaKqsRlxIijYuycYv7iIGoc7S2Q=
29,-16,QNq9/qJKeF6XOVWN30VUZmR7oi4=,kaKqsRlxIijYuycYv7iIGoc7S2Q=
29,-13,QNq9/qJKeF6XOVWN30VUZmR7oi4=,kaKqsRlxIijYuycYv7iIGoc7S2Q=
28,-16,QNq9/qJKeF6XOVWN30VUZmR7oi4=,kaKqsRlxIijYuycYv7iIGoc7S2Q=
27,-10,QNq9/qJKeF6XOVWN30VUZmR7oi4=,kaKqsRlxIijYuycYv7iIGoc7S2Q=
25,-10,QNq9/qJKeF6XOVWN30VUZmR7oi4=,kaKqsRlxIijYuycYv7iIGoc7S2Q=
30,-16,QNq9/qJKeF6XOVWN30VUZmR7oi4=,kaKqsRlxIijYuycYv7iIGoc7S2Q=
27,-16,QNq9/qJKeF6XOVWN30VUZmR7oi4=,kaKqsRlxIijYuycYv7iIGoc7S2Q=
16,-10,QNq9/qJKeF6XOVWN30VUZmR7oi4=,kiT+uyYj9ueaEHg8MXwkjEnAco0=
28,-11,QNq9/qJKeF6XOVWN30VUZmR7oi4=,kaKqsRlxIijYuycYv7iIGoc7S2Q=
16,-11,QNq9/qJKeF6XOVWN30VUZmR7oi4=,kiT+uyYj9ueaEHg8MXwkjEnAco0=
16,-12,QNq9/qJKeF6XOVWN30VUZmR7oi4=,kiT+uyYj9ueaEHg8MXwkjEnAco0=
23,-14,QNq9/qJKeF6XOVWN30VUZmR7oi4=,kiT+uyYj9ueaEHg8MXwkjEnAco0=
31,-9,QNq9/qJKeF6XOVWN30VUZmR7oi4=,kaKqsRlxIijYuycYv7iIGoc7S2Q=
30,-9,QNq9/qJKeF6XOVWN30VUZmR7oi4=,kaKqsRlxIijYuycYv7iIGoc7S2Q=
17,-16,QNq9/qJKeF6XOVWN30VUZmR7oi4=,kiT+uyYj9ueaEHg8MXwkjEnAco0=
23,-15,QNq9/qJKeF6XOVWN30VUZmR7oi4=,kiT+uyYj9ueaEHg8MXwkjEnAco0=
24,-11,QNq9/qJKeF6XOVWN30VUZmR7oi4=,kaKqsRlxIijYuycYv7iIGoc7S2Q=
31,-12,QNq9/qJKeF6XOVWN30VUZmR7oi4=,kaKqsRlxIijYuycYv7iIGoc7S2Q=
16,-15,QNq9/qJKeF6XOVWN30VUZmR7oi4=,kiT+uyYj9ueaEHg8MXwkjEnAco0=
27,-11,QNq9/qJKeF6XOVWN30VUZmR7oi4=,kaKqsRlxIijYuycYv7iIGoc7S2Q=
30,-12,QNq9/qJKeF6XOVWN30VUZmR7oi4=,kaKqsRlxIijYuycYv7iIGoc7S2Q=
24,-3,QNq9/qJKeF6XOVWN30VUZmR7oi4=,wJ5bfAwT++1M17hdBEvibf2QZH4=
26,-16,QNq9/qJKeF6XOVWN30VUZmR7oi4=,kaKqsRlxIijYuycYv7iIGoc7S2Q=
23,-6,QNq9/qJKeF6XOVWN30VUZmR7oi4=,LmfaJPqpPAdxTtjJVJhdOZheRYM=
23,-1,QNq9/qJKeF6XOVWN30VUZmR7oi4=,LmfaJPqpPAdxTtjJVJhdOZheRYM=
23,-16,QNq9/qJKeF6XOVWN30VUZmR7oi4=,kiT+uyYj9ueaEHg8MXwkjEnAco0=
27,-12,QNq9/qJKeF6XOVWN30VUZmR7oi4=,kaKqsRlxIijYuycYv7iIGoc7S2Q=
25,-11,QNq9/qJKeF6XOVWN30VUZmR7oi4=,kaKqsRlxIijYuycYv7iIGoc7S2Q=
26,-12,QNq9/qJKeF6XOVWN30VUZmR7oi4=,kaKqsRlxIijYuycYv7iIGoc7S2Q=
22,-16,QNq9/qJKeF6XOVWN30VUZmR7oi4=,kiT+uyYj9ueaEHg8MXwkjEnAco0=
18,-16,QNq9/qJKeF6XOVWN30VUZmR7oi4=,kiT+uyYj9ueaEHg8MXwkjEnAco0=
31,-13,QNq9/qJKeF6XOVWN30VUZmR7oi4=,kaKqsRlxIijYuycYv7iIGoc7S2Q=
25,-12,QNq9/qJKeF6XOVWN30VUZmR7oi4=,kaKqsRlxIijYuycYv7iIGoc7S2Q=
30,-13,QNq9/qJKeF6XOVWN30VUZmR7oi4=,kaKqsRlxIijYuycYv7iIGoc7S2Q=
24,-6,QNq9/qJKeF6XOVWN30VUZmR7oi4=,wJ5bfAwT++1M17hdBEvibf2QZH4=
31,-1,QNq9/qJKeF6XOVWN30VUZmR7oi4=,wJ5bfAwT++1M17hdBEvibf2QZH4=
24,-12,QNq9/qJKeF6XOVWN30VUZmR7oi4=,kaKqsRlxIijYuycYv7iIGoc7S2Q=
25,-16,QNq9/qJKeF6XOVWN30VUZmR7oi4=,kaKqsRlxIijYuycYv7iIGoc7S2Q=
16,-1,QNq9/qJKeF6XOVWN30VUZmR7oi4=,LmfaJPqpPAdxTtjJVJhdOZheRYM=
19,-16,QNq9/qJKeF6XOVWN30VUZmR7oi4=,kiT+uyYj9ueaEHg8MXwkjEnAco0=
21,-16,QNq9/qJKeF6XOVWN30VUZmR7oi4=,kiT+uyYj9ueaEHg8MXwkjEnAco0=
29,-9,QNq9/qJKeF6XOVWN30VUZmR7oi4=,kaKqsRlxIijYuycYv7iIGoc7S2Q=
28,-9,QNq9/qJKeF6XOVWN30VUZmR7oi4=,kaKqsRlxIijYuycYv7iIGoc7S2Q=
29,-12,QNq9/qJKeF6XOVWN30VUZmR7oi4=,kaKqsRlxIijYuycYv7iIGoc7S2Q=
28,-12,QNq9/qJKeF6XOVWN30VUZmR7oi4=,kaKqsRlxIijYuycYv7iIGoc7S2Q=
28,-3,QNq9/qJKeF6XOVWN30VUZmR7oi4=,wJ5bfAwT++1M17hdBEvibf2QZH4=
31,-16,QNq9/qJKeF6XOVWN30VUZmR7oi4=,kaKqsRlxIijYuycYv7iIGoc7S2Q=
24,-7,QNq9/qJKeF6XOVWN30VUZmR7oi4=,wJ5bfAwT++1M17hdBEvibf2QZH4=
27,-3,QNq9/qJKeF6XOVWN30VUZmR7oi4=,wJ5bfAwT++1M17hdBEvibf2QZH4=
16,-4,QNq9/qJKeF6XOVWN30VUZmR7oi4=,LmfaJPqpPAdxTtjJVJhdOZheRYM=
23,-8,QNq9/qJKeF6XOVWN30VUZmR7oi4=,LmfaJPqpPAdxTtjJVJhdOZheRYM=
27,-9,QNq9/qJKeF6XOVWN30VUZmR7oi4=,kaKqsRlxIijYuycYv7iIGoc7S2Q=
20,-16,QNq9/qJKeF6XOVWN30VUZmR7oi4=,kiT+uyYj9ueaEHg8MXwkjEnAco0=
23,-3,QNq9/qJKeF6XOVWN30VUZmR7oi4=,LmfaJPqpPAdxTtjJVJhdOZheRYM=
26,-9,QNq9/qJKeF6XOVWN30VUZmR7oi4=,kaKqsRlxIijYuycYv7iIGoc7S2Q=
16,-6,QNq9/qJKeF6XOVWN30VUZmR7oi4=,LmfaJPqpPAdxTtjJVJhdOZheRYM=
16,-16,QNq9/qJKeF6XOVWN30VUZmR7oi4=,kiT+uyYj9ueaEHg8MXwkjEnAco0=
26,-3,QNq9/qJKeF6XOVWN30VUZmR7oi4=,wJ5bfAwT++1M17hdBEvibf2QZH4=
16,-9,QNq9/qJKeF6XOVWN30VUZmR7oi4=,kiT+uyYj9ueaEHg8MXwkjEnAco0=
16,-7,QNq9/qJKeF6XOVWN30VUZmR7oi4=,LmfaJPqpPAdxTtjJVJhdOZheRYM=
23,-7,QNq9/qJKeF6XOVWN30VUZmR7oi4=,LmfaJPqpPAdxTtjJVJhdOZheRYM=
16,-8,QNq9/qJKeF6XOVWN30VUZmR7oi4=,LmfaJPqpPAdxTtjJVJhdOZheRYM=
31,-7,QNq9/qJKeF6XOVWN30VUZmR7oi4=,wJ5bfAwT++1M17hdBEvibf2QZH4=
23,-2,QNq9/qJKeF6XOVWN30VUZmR7oi4=,LmfaJPqpPAdxTtjJVJhdOZheRYM=
29,-4,QNq9/qJKeF6XOVWN30VUZmR7oi4=,wJ5bfAwT++1M17hdBEvibf2QZH4=
25,-7,QNq9/qJKeF6XOVWN30VUZmR7oi4=,wJ5bfAwT++1M17hdBEvibf2QZH4=
16,-5,QNq9/qJKeF6XOVWN30VUZmR7oi4=,LmfaJPqpPAdxTtjJVJhdOZheRYM=
23,-4,QNq9/qJKeF6XOVWN30VUZmR7oi4=,LmfaJPqpPAdxTtjJVJhdOZheRYM=
28,-4,QNq9/qJKeF6XOVWN30VUZmR7oi4=,wJ5bfAwT++1M17hdBEvibf2QZH4=
31,-5,QNq9/qJKeF6XOVWN30VUZmR7oi4=,wJ5bfAwT++1M17hdBEvibf2QZH4=
25,-9,QNq9/qJKeF6XOVWN30VUZmR7oi4=,kaKqsRlxIijYuycYv7iIGoc7S2Q=
16,-2,QNq9/qJKeF6XOVWN30VUZmR7oi4=,LmfaJPqpPAdxTtjJVJhdOZheRYM=
26,-8,QNq9/qJKeF6XOVWN30VUZmR7oi4=,wJ5bfAwT++1M17hdBEvibf2QZH4=
31,-6,QNq9/qJKeF6XOVWN30VUZmR7oi4=,wJ5bfAwT++1M17hdBEvibf2QZH4=
24,-4,QNq9/qJKeF6XOVWN30VUZmR7oi4=,wJ5bfAwT++1M17hdBEvibf2QZH4=
29,-3,QNq9/qJKeF6XOVWN30VUZmR7oi4=,wJ5bfAwT++1M17hdBEvibf2QZH4=
30,-7,QNq9/qJKeF6XOVWN30VUZmR7oi4=,wJ5bfAwT++1M17hdBEvibf2QZH4=
24,-9,QNq9/qJKeF6XOVWN30VUZmR7oi4=,kaKqsRlxIijYuycYv7iIGoc7S2Q=
27,-4,QNq9/qJKeF6XOVWN30VUZmR7oi4=,wJ5bfAwT++1M17hdBEvibf2QZH4=
16,-3,QNq9/qJKeF6XOVWN30VUZmR7oi4=,LmfaJPqpPAdxTtjJVJhdOZheRYM=
26,-4,QNq9/qJKeF6XOVWN30VUZmR7oi4=,wJ5bfAwT++1M17hdBEvibf2QZH4=
25,-3,QNq9/qJKeF6XOVWN30VUZmR7oi4=,wJ5bfAwT++1M17hdBEvibf2QZH4=
27,-5,QNq9/qJKeF6XOVWN30VUZmR7oi4=,wJ5bfAwT++1M17hdBEvibf2QZH4=
24,-8,QNq9/qJKeF6XOVWN30VUZmR7oi4=,wJ5bfAwT++1M17hdBEvibf2QZH4=
24,-5,QNq9/qJKeF6XOVWN30VUZmR7oi4=,wJ5bfAwT++1M17hdBEvibf2QZH4=
27,-8,QNq9/qJKeF6XOVWN30VUZmR7oi4=,wJ5bfAwT++1M17hdBEvibf2QZH4=
29,-7,QNq9/qJKeF6XOVWN30VUZmR7oi4=,wJ5bfAwT++1M17hdBEvibf2QZH4=
30,-5,QNq9/qJKeF6XOVWN30VUZmR7oi4=,wJ5bfAwT++1M17hdBEvibf2QZH4=
25,-4,QNq9/qJKeF6XOVWN30VUZmR7oi4=,wJ5bfAwT++1M17hdBEvibf2QZH4=
25,-8,QNq9/qJKeF6XOVWN30VUZmR7oi4=,wJ5bfAwT++1M17hdBEvibf2QZH4=
30,-8,QNq9/qJKeF6XOVWN30VUZmR7oi4=,wJ5bfAwT++1M17hdBEvibf2QZH4=
28,-5,QNq9/qJKeF6XOVWN30VUZmR7oi4=,wJ5bfAwT++1M17hdBEvibf2QZH4=
28,-1,QNq9/qJKeF6XOVWN30VUZmR7oi4=,wJ5bfAwT++1M17hdBEvibf2QZH4=
25,-1,QNq9/qJKeF6XOVWN30VUZmR7oi4=,wJ5bfAwT++1M17hdBEvibf2QZH4=
28,-8,QNq9/qJKeF6XOVWN30VUZmR7oi4=,wJ5bfAwT++1M17hdBEvibf2QZH4=
31,-2,QNq9/qJKeF6XOVWN30VUZmR7oi4=,wJ5bfAwT++1M17hdBEvibf2QZH4=
29,-5,QNq9/qJKeF6XOVWN30VUZmR7oi4=,wJ5bfAwT++1M17hdBEvibf2QZH4=
27,-1,QNq9/qJKeF6XOVWN30VUZmR7oi4=,wJ5bfAwT++1M17hdBEvibf2QZH4=
31,-8,QNq9/qJKeF6XOVWN30VUZmR7oi4=,wJ5bfAwT++1M17hdBEvibf2QZH4=
27,-2,QNq9/qJKeF6XOVWN30VUZmR7oi4=,wJ5bfAwT++1M17hdBEvibf2QZH4=
26,-5,QNq9/qJKeF6XOVWN30VUZmR7oi4=,wJ5bfAwT++1M17hdBEvibf2QZH4=
25,-5,QNq9/qJKeF6XOVWN30VUZmR7oi4=,wJ5bfAwT++1M17hdBEvibf2QZH4=
28,-2,QNq9/qJKeF6XOVWN30VUZmR7oi4=,wJ5bfAwT++1M17hdBEvibf2QZH4=
23,-5,QNq9/qJKeF6XOVWN30VUZmR7oi4=,LmfaJPqpPAdxTtjJVJhdOZheRYM=
30,-1,QNq9/qJKeF6XOVWN30VUZmR7oi4=,wJ5bfAwT++1M17hdBEvibf2QZH4=
29,-2,QNq9/qJKeF6XOVWN30VUZmR7oi4=,wJ5bfAwT++1M17hdBEvibf2QZH4=
29,-1,QNq9/qJKeF6XOVWN30VUZmR7oi4=,wJ5bfAwT++1M17hdBEvibf2QZH4=
24,-1,QNq9/qJKeF6XOVWN30VUZmR7oi4=,wJ5bfAwT++1M17hdBEvibf2QZH4=
26,-2,QNq9/qJKeF6XOVWN30VUZmR7oi4=,wJ5bfAwT++1M17hdBEvibf2QZH4=
29,-8,QNq9/qJKeF6XOVWN30VUZmR7oi4=,wJ5bfAwT++1M17hdBEvibf2QZH4=
25,-2,QNq9/qJKeF6XOVWN30VUZmR7oi4=,wJ5bfAwT++1M17hdBEvibf2QZH4=
27,-6,QNq9/qJKeF6XOVWN30VUZmR7oi4=,wJ5bfAwT++1M17hdBEvibf2QZH4=
29,-6,QNq9/qJKeF6XOVWN30VUZmR7oi4=,wJ5bfAwT++1M17hdBEvibf2QZH4=
30,-6,QNq9/qJKeF6XOVWN30VUZmR7oi4=,wJ5bfAwT++1M17hdBEvibf2QZH4=
28,-6,QNq9/qJKeF6XOVWN30VUZmR7oi4=,wJ5bfAwT++1M17hdBEvibf2QZH4=
30,-2,QNq9/qJKeF6XOVWN30VUZmR7oi4=,wJ5bfAwT++1M17hdBEvibf2QZH4=
26,-1,QNq9/qJKeF6XOVWN30VUZmR7oi4=,wJ5bfAwT++1M17hdBEvibf2QZH4=
28,-7,QNq9/qJKeF6XOVWN30VUZmR7oi4=,wJ5bfAwT++1M17hdBEvibf2QZH4=
27,-7,QNq9/qJKeF6XOVWN30VUZmR7oi4=,wJ5bfAwT++1M17hdBEvibf2QZH4=
30,-3,QNq9/qJKeF6XOVWN30VUZmR7oi4=,wJ5bfAwT++1M17hdBEvibf2QZH4=
25,-6,QNq9/qJKeF6XOVWN30VUZmR7oi4=,wJ5bfAwT++1M17hdBEvibf2QZH4=
31,-3,QNq9/qJKeF6XOVWN30VUZmR7oi4=,wJ5bfAwT++1M17hdBEvibf2QZH4=
24,-2,QNq9/qJKeF6XOVWN30VUZmR7oi4=,wJ5bfAwT++1M17hdBEvibf2QZH4=
26,-7,QNq9/qJKeF6XOVWN30VUZmR7oi4=,wJ5bfAwT++1M17hdBEvibf2QZH4=
26,-6,QNq9/qJKeF6XOVWN30VUZmR7oi4=,wJ5bfAwT++1M17hdBEvibf2QZH4=
25,-31,ZclN/DopVrJ/2+2M7z46hltM+sY=,9kUUpvQHbV1KkNq9x+AEo4Bjvvo=
26,-31,ZclN/DopVrJ/2+2M7z46hltM+sY=,9kUUpvQHbV1KkNq9x+AEo4Bjvvo=
27,-31,ZclN/DopVrJ/2+2M7z46hltM+sY=,9kUUpvQHbV1KkNq9x+AEo4Bjvvo=
28,-31,ZclN/DopVrJ/2+2M7z46hltM+sY=,9kUUpvQHbV1KkNq9x+AEo4Bjvvo=
29,-31,ZclN/DopVrJ/2+2M7z46hltM+sY=,9kUUpvQHbV1KkNq9x+AEo4Bjvvo=
30,-31,ZclN/DopVrJ/2+2M7z46hltM+sY=,9kUUpvQHbV1KkNq9x+AEo4Bjvvo=
25,-30,ZclN/DopVrJ/2+2M7z46hltM+sY=,9kUUpvQHbV1KkNq9x+AEo4Bjvvo=
30,-26,ZclN/DopVrJ/2+2M7z46hltM+sY=,9kUUpvQHbV1KkNq9x+AEo4Bjvvo=
26,-30,ZclN/DopVrJ/2+2M7z46hltM+sY=,9kUUpvQHbV1KkNq9x+AEo4Bjvvo=
29,-26,ZclN/DopVrJ/2+2M7z46hltM+sY=,9kUUpvQHbV1KkNq9x+AEo4Bjvvo=
27,-30,ZclN/DopVrJ/2+2M7z46hltM+sY=,9kUUpvQHbV1KkNq9x+AEo4Bjvvo=
28,-30,ZclN/DopVrJ/2+2M7z46hltM+sY=,9kUUpvQHbV1KkNq9x+AEo4Bjvvo=
29,-30,ZclN/DopVrJ/2+2M7z46hltM+sY=,9kUUpvQHbV1KkNq9x+AEo4Bjvvo=
26,-26,ZclN/DopVrJ/2+2M7z46hltM+sY=,9kUUpvQHbV1KkNq9x+AEo4Bjvvo=
30,-27,ZclN/DopVrJ/2+2M7z46hltM+sY=,9kUUpvQHbV1KkNq9x+AEo4Bjvvo=
28,-27,ZclN/DopVrJ/2+2M7z46hltM+sY=,9kUUpvQHbV1KkNq9x+AEo4Bjvvo=
28,-26,ZclN/DopVrJ/2+2M7z46hltM+sY=,9kUUpvQHbV1KkNq9x+AEo4Bjvvo=
29,-27,ZclN/DopVrJ/2+2M7z46hltM+sY=,9kUUpvQHbV1KkNq9x+AEo4Bjvvo=
27,-26,ZclN/DopVrJ/2+2M7z46hltM+sY=,9kUUpvQHbV1KkNq9x+AEo4Bjvvo=
30,-28,ZclN/DopVrJ/2+2M7z46hltM+sY=,9kUUpvQHbV1KkNq9x+AEo4Bjvvo=
29,-28,ZclN/DopVrJ/2+2M7z46hltM+sY=,9kUUpvQHbV1KkNq9x+AEo4Bjvvo=
27,-28,ZclN/DopVrJ/2+2M7z46hltM+sY=,9kUUpvQHbV1KkNq9x+AEo4Bjvvo=
28,-28,ZclN/DopVrJ/2+2M7z46hltM+sY=,9kUUpvQHbV1KkNq9x+AEo4Bjvvo=
30,-29,ZclN/DopVrJ/2+2M7z46hltM+sY=,9kUUpvQHbV1KkNq9x+AEo4Bjvvo=
27,-29,ZclN/DopVrJ/2+2M7z46hltM+sY=,9kUUpvQHbV1KkNq9x+AEo4Bjvvo=
29,-29,ZclN/DopVrJ/2+2M7z46hltM+sY=,9kUUpvQHbV1KkNq9x+AEo4Bjvvo=
28,-29,ZclN/DopVrJ/2+2M7z46hltM+sY=,9kUUpvQHbV1KkNq9x+AEo4Bjvvo=
25,-27,ZclN/DopVrJ/2+2M7z46hltM+sY=,9kUUpvQHbV1KkNq9x+AEo4Bjvvo=
25,-26,ZclN/DopVrJ/2+2M7z46hltM+sY=,9kUUpvQHbV1KkNq9x+AEo4Bjvvo=
30,-30,ZclN/DopVrJ/2+2M7z46hltM+sY=,9kUUpvQHbV1KkNq9x+AEo4Bjvvo=
27,-27,ZclN/DopVrJ/2+2M7z46hltM+sY=,9kUUpvQHbV1KkNq9x+AEo4Bjvvo=
25,-28,ZclN/DopVrJ/2+2M7z46hltM+sY=,9kUUpvQHbV1KkNq9x+AEo4Bjvvo=
26,-29,ZclN/DopVrJ/2+2M7z46hltM+sY=,9kUUpvQHbV1KkNq9x+AEo4Bjvvo=
26,-28,ZclN/DopVrJ/2+2M7z46hltM+sY=,9kUUpvQHbV1KkNq9x+AEo4Bjvvo=
26,-27,ZclN/DopVrJ/2+2M7z46hltM+sY=,9kUUpvQHbV1KkNq9x+AEo4Bjvvo=
25,-29,ZclN/DopVrJ/2+2M7z46hltM+sY=,9kUUpvQHbV1KkNq9x+AEo4Bjvvo=
19,-27,ZclN/DopVrJ/2+2M7z46hltM+sY=,yg7f91CZoQyzhRH+DtvYjQdH8BI=
17,-32,ZclN/DopVrJ/2+2M7z46hltM+sY=,yg7f91CZoQyzhRH+DtvYjQdH8BI=
18,-27,ZclN/DopVrJ/2+2M7z46hltM+sY=,yg7f91CZoQyzhRH+DtvYjQdH8BI=
20,-27,ZclN/DopVrJ/2+2M7z46hltM+sY=,yg7f91CZoQyzhRH+DtvYjQdH8BI=
17,-27,ZclN/DopVrJ/2+2M7z46hltM+sY=,yg7f91CZoQyzhRH+DtvYjQdH8BI=
21,-27,ZclN/DopVrJ/2+2M7z46hltM+sY=,yg7f91CZoQyzhRH+DtvYjQdH8BI=
22,-32,ZclN/DopVrJ/2+2M7z46hltM+sY=,yg7f91CZoQyzhRH+DtvYjQdH8BI=
22,-27,ZclN/DopVrJ/2+2M7z46hltM+sY=,yg7f91CZoQyzhRH+DtvYjQdH8BI=
19,-32,ZclN/DopVrJ/2+2M7z46hltM+sY=,yg7f91CZoQyzhRH+DtvYjQdH8BI=
21,-32,ZclN/DopVrJ/2+2M7z46hltM+sY=,yg7f91CZoQyzhRH+DtvYjQdH8BI=
22,-28,ZclN/DopVrJ/2+2M7z46hltM+sY=,yg7f91CZoQyzhRH+DtvYjQdH8BI=
20,-28,ZclN/DopVrJ/2+2M7z46hltM+sY=,yg7f91CZoQyzhRH+DtvYjQdH8BI=
21,-28,ZclN/DopVrJ/2+2M7z46hltM+sY=,yg7f91CZoQyzhRH+DtvYjQdH8BI=
23,-27,ZclN/DopVrJ/2+2M7z46hltM+sY=,yg7f91CZoQyzhRH+DtvYjQdH8BI=
19,-28,ZclN/DopVrJ/2+2M7z46hltM+sY=,yg7f91CZoQyzhRH+DtvYjQdH8BI=
20,-32,ZclN/DopVrJ/2+2M7z46hltM+sY=,yg7f91CZoQyzhRH+DtvYjQdH8BI=
23,-28,ZclN/DopVrJ/2+2M7z46hltM+sY=,yg7f91CZoQyzhRH+DtvYjQdH8BI=
18,-32,ZclN/DopVrJ/2+2M7z46hltM+sY=,yg7f91CZoQyzhRH+DtvYjQdH8BI=
22,-29,ZclN/DopVrJ/2+2M7z46hltM+sY=,yg7f91CZoQyzhRH+DtvYjQdH8BI=
17,-28,ZclN/DopVrJ/2+2M7z46hltM+sY=,yg7f91CZoQyzhRH+DtvYjQdH8BI=
16,-28,ZclN/DopVrJ/2+2M7z46hltM+sY=,yg7f91CZoQyzhRH+DtvYjQdH8BI=
31,-26,ZclN/DopVrJ/2+2M7z46hltM+sY=,9kUUpvQHbV1KkNq9x+AEo4Bjvvo=
20,-29,ZclN/DopVrJ/2+2M7z46hltM+sY=,yg7f91CZoQyzhRH+DtvYjQdH8BI=
31,-28,ZclN/DopVrJ/2+2M7z46hltM+sY=,9kUUpvQHbV1KkNq9x+AEo4Bjvvo=
31,-31,ZclN/DopVrJ/2+2M7z46hltM+sY=,9kUUpvQHbV1KkNq9x+AEo4Bjvvo=
31,-29,ZclN/DopVrJ/2+2M7z46hltM+sY=,9kUUpvQHbV1KkNq9x+AEo4Bjvvo=
31,-30,ZclN/DopVrJ/2+2M7z46hltM+sY=,9kUUpvQHbV1KkNq9x+AEo4Bjvvo=
18,-29,ZclN/DopVrJ/2+2M7z46hltM+sY=,yg7f91CZoQyzhRH+DtvYjQdH8BI=
18,-28,ZclN/DopVrJ/2+2M7z46hltM+sY=,yg7f91CZoQyzhRH+DtvYjQdH8BI=
20,-30,ZclN/DopVrJ/2+2M7z46hltM+sY=,yg7f91CZoQyzhRH+DtvYjQdH8BI=
18,-30,ZclN/DopVrJ/2+2M7z46hltM+sY=,yg7f91CZoQyzhRH+DtvYjQdH8BI=
16,-27,ZclN/DopVrJ/2+2M7z46hltM+sY=,yg7f91CZoQyzhRH+DtvYjQdH8BI=
16,-29,ZclN/DopVrJ/2+2M7z46hltM+sY=,yg7f91CZoQyzhRH+DtvYjQdH8BI=
19,-30,ZclN/DopVrJ/2+2M7z46hltM+sY=,yg7f91CZoQyzhRH+DtvYjQdH8BI=
17,-30,ZclN/DopVrJ/2+2M7z46hltM+sY=,yg7f91CZoQyzhRH+DtvYjQdH8BI=
19,-29,ZclN/DopVrJ/2+2M7z46hltM+sY=,yg7f91CZoQyzhRH+DtvYjQdH8BI=
31,-27,ZclN/DopVrJ/2+2M7z46hltM+sY=,9kUUpvQHbV1KkNq9x+AEo4Bjvvo=
22,-31,ZclN/DopVrJ/2+2M7z46hltM+sY=,yg7f91CZoQyzhRH+DtvYjQdH8BI=
17,-29,ZclN/DopVrJ/2+2M7z46hltM+sY=,yg7f91CZoQyzhRH+DtvYjQdH8BI=
23,-31,ZclN/DopVrJ/2+2M7z46hltM+sY=,yg7f91CZoQyzhRH+DtvYjQdH8BI=
18,-31,ZclN/DopVrJ/2+2M7z46hltM+sY=,yg7f91CZoQyzhRH+DtvYjQdH8BI=
21,-30,ZclN/DopVrJ/2+2M7z46hltM+sY=,yg7f91CZoQyzhRH+DtvYjQdH8BI=
20,-31,ZclN/DopVrJ/2+2M7z46hltM+sY=,yg7f91CZoQyzhRH+DtvYjQdH8BI=
16,-30,ZclN/DopVrJ/2+2M7z46hltM+sY=,yg7f91CZoQyzhRH+DtvYjQdH8BI=
23,-29,ZclN/DopVrJ/2+2M7z46hltM+sY=,yg7f91CZoQyzhRH+DtvYjQdH8BI=
19,-31,ZclN/DopVrJ/2+2M7z46hltM+sY=,yg7f91CZoQyzhRH+DtvYjQdH8BI=
21,-31,ZclN/DopVrJ/2+2M7z46hltM+sY=,yg7f91CZoQyzhRH+DtvYjQdH8BI=
16,-31,ZclN/DopVrJ/2+2M7z46hltM+sY=,yg7f91CZoQyzhRH+DtvYjQdH8BI=
22,-26,ZclN/DopVrJ/2+2M7z46hltM+sY=,yg7f91CZoQyzhRH+DtvYjQdH8BI=
20,-26,ZclN/DopVrJ/2+2M7z46hltM+sY=,yg7f91CZoQyzhRH+DtvYjQdH8BI=
17,-31,ZclN/DopVrJ/2+2M7z46hltM+sY=,yg7f91CZoQyzhRH+DtvYjQdH8BI=
24,-29,ZclN/DopVrJ/2+2M7z46hltM+sY=,9kUUpvQHbV1KkNq9x+AEo4Bjvvo=
24,-28,ZclN/DopVrJ/2+2M7z46hltM+sY=,9kUUpvQHbV1KkNq9x+AEo4Bjvvo=
23,-30,ZclN/DopVrJ/2+2M7z46hltM+sY=,yg7f91CZoQyzhRH+DtvYjQdH8BI=
23,-26,ZclN/DopVrJ/2+2M7z46hltM+sY=,yg7f91CZoQyzhRH+DtvYjQdH8BI=
21,-26,ZclN/DopVrJ/2+2M7z46hltM+sY=,yg7f91CZoQyzhRH+DtvYjQdH8BI=
19,-26,ZclN/DopVrJ/2+2M7z46hltM+sY=,yg7f91CZoQyzhRH+DtvYjQdH8BI=
29,-32,ZclN/DopVrJ/2+2M7z46hltM+sY=,9kUUpvQHbV1KkNq9x+AEo4Bjvvo=
28,-32,ZclN/DopVrJ/2+2M7z46hltM+sY=,9kUUpvQHbV1KkNq9x+AEo4Bjvvo=
18,-26,ZclN/DopVrJ/2+2M7z46hltM+sY=,yg7f91CZoQyzhRH+DtvYjQdH8BI=
16,-26,ZclN/DopVrJ/2+2M7z46hltM+sY=,yg7f91CZoQyzhRH+DtvYjQdH8BI=
24,-31,ZclN/DopVrJ/2+2M7z46hltM+sY=,9kUUpvQHbV1KkNq9x+AEo4Bjvvo=
31,-32,ZclN/DopVrJ/2+2M7z46hltM+sY=,9kUUpvQHbV1KkNq9x+AEo4Bjvvo=
30,-32,ZclN/DopVrJ/2+2M7z46hltM+sY=,9kUUpvQHbV1KkNq9x+AEo4Bjvvo=
24,-26,ZclN/DopVrJ/2+2M7z46hltM+sY=,9kUUpvQHbV1KkNq9x+AEo4Bjvvo=
21,-29,ZclN/DopVrJ/2+2M7z46hltM+sY=,yg7f91CZoQyzhRH+DtvYjQdH8BI=
27,-32,ZclN/DopVrJ/2+2M7z46hltM+sY=,9kUUpvQHbV1KkNq9x+AEo4Bjvvo=
25,-32,ZclN/DopVrJ/2+2M7z46hltM+sY=,9kUUpvQHbV1KkNq9x+AEo4Bjvvo=
24,-27,ZclN/DopVrJ/2+2M7z46hltM+sY=,9kUUpvQHbV1KkNq9x+AEo4Bjvvo=
16,-32,ZclN/DopVrJ/2+2M7z46hltM+sY=,yg7f91CZoQyzhRH+DtvYjQdH8BI=
24,-32,ZclN/DopVrJ/2+2M7z46hltM+sY=,9kUUpvQHbV1KkNq9x+AEo4Bjvvo=
26,-32,ZclN/DopVrJ/2+2M7z46hltM+sY=,9kUUpvQHbV1KkNq9x+AEo4Bjvvo=
24,-30,ZclN/DopVrJ/2+2M7z46hltM+sY=,9kUUpvQHbV1KkNq9x+AEo4Bjvvo=
22,-30,ZclN/DopVrJ/2+2M7z46hltM+sY=,yg7f91CZoQyzhRH+DtvYjQdH8BI=
23,-32,ZclN/DopVrJ/2+2M7z46hltM+sY=,yg7f91CZoQyzhRH+DtvYjQdH8BI=
17,-26,ZclN/DopVrJ/2+2M7z46hltM+sY=,yg7f91CZoQyzhRH+DtvYjQdH8BI=
28,-17,+uSUxV5ZcSYH1EyKcl2V+zfdyXo=,ENMMIKcip4M7HyL4gqL+sdltlYg=
31,-20,+uSUxV5ZcSYH1EyKcl2V+zfdyXo=,ENMMIKcip4M7HyL4gqL+sdltlYg=
29,-18,+uSUxV5ZcSYH1EyKcl2V+zfdyXo=,ENMMIKcip4M7HyL4gqL+sdltlYg=
25,-25,+uSUxV5ZcSYH1EyKcl2V+zfdyXo=,9kUUpvQHbV1KkNq9x+AEo4Bjvvo=
27,-23,+uSUxV5ZcSYH1EyKcl2V+zfdyXo=,ENMMIKcip4M7HyL4gqL+sdltlYg=
27,-17,+uSUxV5ZcSYH1EyKcl2V+zfdyXo=,ENMMIKcip4M7HyL4gqL+sdltlYg=
28,-25,+uSUxV5ZcSYH1EyKcl2V+zfdyXo=,9kUUpvQHbV1KkNq9x+AEo4Bjvvo=
27,-25,+uSUxV5ZcSYH1EyKcl2V+zfdyXo=,9kUUpvQHbV1KkNq9x+AEo4Bjvvo=
26,-25,+uSUxV5ZcSYH1EyKcl2V+zfdyXo=,9kUUpvQHbV1KkNq9x+AEo4Bjvvo=
30,-18,+uSUxV5ZcSYH1EyKcl2V+zfdyXo=,ENMMIKcip4M7HyL4gqL+sdltlYg=
26,-23,+uSUxV5ZcSYH1EyKcl2V+zfdyXo=,ENMMIKcip4M7HyL4gqL+sdltlYg=
29,-19,+uSUxV5ZcSYH1EyKcl2V+zfdyXo=,ENMMIKcip4M7HyL4gqL+sdltlYg=
27,-24,+uSUxV5ZcSYH1EyKcl2V+zfdyXo=,ENMMIKcip4M7HyL4gqL+sdltlYg=
29,-25,+uSUxV5ZcSYH1EyKcl2V+zfdyXo=,9kUUpvQHbV1KkNq9x+AEo4Bjvvo=
26,-17,+uSUxV5ZcSYH1EyKcl2V+zfdyXo=,ENMMIKcip4M7HyL4gqL+sdltlYg=
30,-20,+uSUxV5ZcSYH1EyKcl2V+zfdyXo=,ENMMIKcip4M7HyL4gqL+sdltlYg=
31,-18,+uSUxV5ZcSYH1EyKcl2V+zfdyXo=,ENMMIKcip4M7HyL4gqL+sdltlYg=
29,-22,+uSUxV5ZcSYH1EyKcl2V+zfdyXo=,ENMMIKcip4M7HyL4gqL+sdltlYg=
28,-22,+uSUxV5ZcSYH1EyKcl2V+zfdyXo=,ENMMIKcip4M7HyL4gqL+sdltlYg=
31,-22,+uSUxV5ZcSYH1EyKcl2V+zfdyXo=,ENMMIKcip4M7HyL4gqL+sdltlYg=
30,-21,+uSUxV5ZcSYH1EyKcl2V+zfdyXo=,ENMMIKcip4M7HyL4gqL+sdltlYg=
28,-21,+uSUxV5ZcSYH1EyKcl2V+zfdyXo=,ENMMIKcip4M7HyL4gqL+sdltlYg=
31,-21,+uSUxV5ZcSYH1EyKcl2V+zfdyXo=,ENMMIKcip4M7HyL4gqL+sdltlYg=
29,-23,+uSUxV5ZcSYH1EyKcl2V+zfdyXo=,ENMMIKcip4M7HyL4gqL+sdltlYg=
29,-21,+uSUxV5ZcSYH1EyKcl2V+zfdyXo=,ENMMIKcip4M7HyL4gqL+sdltlYg=
28,-23,+uSUxV5ZcSYH1EyKcl2V+zfdyXo=,ENMMIKcip4M7HyL4gqL+sdltlYg=
31,-24,+uSUxV5ZcSYH1EyKcl2V+zfdyXo=,ENMMIKcip4M7HyL4gqL+sdltlYg=
29,-24,+uSUxV5ZcSYH1EyKcl2V+zfdyXo=,ENMMIKcip4M7HyL4gqL+sdltlYg=
26,-21,+uSUxV5ZcSYH1EyKcl2V+zfdyXo=,ENMMIKcip4M7HyL4gqL+sdltlYg=
28,-18,+uSUxV5ZcSYH1EyKcl2V+zfdyXo=,ENMMIKcip4M7HyL4gqL+sdltlYg=
25,-24,+uSUxV5ZcSYH1EyKcl2V+zfdyXo=,ENMMIKcip4M7HyL4gqL+sdltlYg=
31,-19,+uSUxV5ZcSYH1EyKcl2V+zfdyXo=,ENMMIKcip4M7HyL4gqL+sdltlYg=
31,-25,+uSUxV5ZcSYH1EyKcl2V+zfdyXo=,9kUUpvQHbV1KkNq9x+AEo4Bjvvo=
30,-19,+uSUxV5ZcSYH1EyKcl2V+zfdyXo=,ENMMIKcip4M7HyL4gqL+sdltlYg=
26,-19,+uSUxV5ZcSYH1EyKcl2V+zfdyXo=,ENMMIKcip4M7HyL4gqL+sdltlYg=
25,-23,+uSUxV5ZcSYH1EyKcl2V+zfdyXo=,ENMMIKcip4M7HyL4gqL+sdltlYg=
25,-18,+uSUxV5ZcSYH1EyKcl2V+zfdyXo=,ENMMIKcip4M7HyL4gqL+sdltlYg=
28,-24,+uSUxV5ZcSYH1EyKcl2V+zfdyXo=,ENMMIKcip4M7HyL4gqL+sdltlYg=
31,-17,+uSUxV5ZcSYH1EyKcl2V+zfdyXo=,ENMMIKcip4M7HyL4gqL+sdltlYg=
27,-22,+uSUxV5ZcSYH1EyKcl2V+zfdyXo=,ENMMIKcip4M7HyL4gqL+sdltlYg=
30,-23,+uSUxV5ZcSYH1EyKcl2V+zfdyXo=,ENMMIKcip4M7HyL4gqL+sdltlYg=
30,-22,+uSUxV5ZcSYH1EyKcl2V+zfdyXo=,ENMMIKcip4M7HyL4gqL+sdltlYg=
26,-22,+uSUxV5ZcSYH1EyKcl2V+zfdyXo=,ENMMIKcip4M7HyL4gqL+sdltlYg=
29,-17,+uSUxV5ZcSYH1EyKcl2V+zfdyXo=,ENMMIKcip4M7HyL4gqL+sdltlYg=
28,-19,+uSUxV5ZcSYH1EyKcl2V+zfdyXo=,ENMMIKcip4M7HyL4gqL+sdltlYg=
25,-17,+uSUxV5ZcSYH1EyKcl2V+zfdyXo=,ENMMIKcip4M7HyL4gqL+sdltlYg=
25,-19,+uSUxV5ZcSYH1EyKcl2V+zfdyXo=,ENMMIKcip4M7HyL4gqL+sdltlYg=
25,-20,+uSUxV5ZcSYH1EyKcl2V+zfdyXo=,ENMMIKcip4M7HyL4gqL+sdltlYg=
25,-21,+uSUxV5ZcSYH1EyKcl2V+zfdyXo=,ENMMIKcip4M7HyL4gqL+sdltlYg=
27,-21,+uSUxV5ZcSYH1EyKcl2V+zfdyXo=,ENMMIKcip4M7HyL4gqL+sdltlYg=
30,-17,+uSUxV5ZcSYH1EyKcl2V+zfdyXo=,ENMMIKcip4M7HyL4gqL+sdltlYg=
25,-22,+uSUxV5ZcSYH1EyKcl2V+zfdyXo=,ENMMIKcip4M7HyL4gqL+sdltlYg=
26,-20,+uSUxV5ZcSYH1EyKcl2V+zfdyXo=,ENMMIKcip4M7HyL4gqL+sdltlYg=
29,-20,+uSUxV5ZcSYH1EyKcl2V+zfdyXo=,ENMMIKcip4M7HyL4gqL+sdltlYg=
28,-20,+uSUxV5ZcSYH1EyKcl2V+zfdyXo=,ENMMIKcip4M7HyL4gqL+sdltlYg=
27,-18,+uSUxV5ZcSYH1EyKcl2V+zfdyXo=,ENMMIKcip4M7HyL4gqL+sdltlYg=
30,-24,+uSUxV5ZcSYH1EyKcl2V+zfdyXo=,ENMMIKcip4M7HyL4gqL+sdltlYg=
30,-25,+uSUxV5ZcSYH1EyKcl2V+zfdyXo=,9kUUpvQHbV1KkNq9x+AEo4Bjvvo=
26,-18,+uSUxV5ZcSYH1EyKcl2V+zfdyXo=,ENMMIKcip4M7HyL4gqL+sdltlYg=
26,-24,+uSUxV5ZcSYH1EyKcl2V+zfdyXo=,ENMMIKcip4M7HyL4gqL+sdltlYg=
31,-23,+uSUxV5ZcSYH1EyKcl2V+zfdyXo=,ENMMIKcip4M7HyL4gqL+sdltlYg=
27,-19,+uSUxV5ZcSYH1EyKcl2V+zfdyXo=,ENMMIKcip4M7HyL4gqL+sdltlYg=
27,-20,+uSUxV5ZcSYH1EyKcl2V+zfdyXo=,ENMMIKcip4M7HyL4gqL+sdltlYg=
23,-17,+uSUxV5ZcSYH1EyKcl2V+zfdyXo=,W18jEpx3dHYKCzJsYbNe5qNHDpc=
19,-17,+uSUxV5ZcSYH1EyKcl2V+zfdyXo=,W18jEpx3dHYKCzJsYbNe5qNHDpc=
20,-17,+uSUxV5ZcSYH1EyKcl2V+zfdyXo=,W18jEpx3dHYKCzJsYbNe5qNHDpc=
23,-22,+uSUxV5ZcSYH1EyKcl2V+zfdyXo=,W18jEpx3dHYKCzJsYbNe5qNHDpc=
17,-17,+uSUxV5ZcSYH1EyKcl2V+zfdyXo=,W18jEpx3dHYKCzJsYbNe5qNHDpc=
16,-17,+uSUxV5ZcSYH1EyKcl2V+zfdyXo=,W18jEpx3dHYKCzJsYbNe5qNHDpc=
18,-17,+uSUxV5ZcSYH1EyKcl2V+zfdyXo=,W18jEpx3dHYKCzJsYbNe5qNHDpc=
16,-21,+uSUxV5ZcSYH1EyKcl2V+zfdyXo=,W18jEpx3dHYKCzJsYbNe5qNHDpc=
23,-23,+uSUxV5ZcSYH1EyKcl2V+zfdyXo=,W18jEpx3dHYKCzJsYbNe5qNHDpc=
23,-18,+uSUxV5ZcSYH1EyKcl2V+zfdyXo=,W18jEpx3dHYKCzJsYbNe5qNHDpc=
24,-22,+uSUxV5ZcSYH1EyKcl2V+zfdyXo=,ENMMIKcip4M7HyL4gqL+sdltlYg=
24,-19,+uSUxV5ZcSYH1EyKcl2V+zfdyXo=,ENMMIKcip4M7HyL4gqL+sdltlYg=
20,-22,+uSUxV5ZcSYH1EyKcl2V+zfdyXo=,W18jEpx3dHYKCzJsYbNe5qNHDpc=
22,-18,+uSUxV5ZcSYH1EyKcl2V+zfdyXo=,W18jEpx3dHYKCzJsYbNe5qNHDpc=
24,-17,+uSUxV5ZcSYH1EyKcl2V+zfdyXo=,ENMMIKcip4M7HyL4gqL+sdltlYg=
19,-22,+uSUxV5ZcSYH1EyKcl2V+zfdyXo=,W18jEpx3dHYKCzJsYbNe5qNHDpc=
22,-23,+uSUxV5ZcSYH1EyKcl2V+zfdyXo=,W18jEpx3dHYKCzJsYbNe5qNHDpc=
24,-25,+uSUxV5ZcSYH1EyKcl2V+zfdyXo=,9kUUpvQHbV1KkNq9x+AEo4Bjvvo=
22,-22,+uSUxV5ZcSYH1EyKcl2V+zfdyXo=,W18jEpx3dHYKCzJsYbNe5qNHDpc=
18,-22,+uSUxV5ZcSYH1EyKcl2V+zfdyXo=,W18jEpx3dHYKCzJsYbNe5qNHDpc=
18,-21,+uSUxV5ZcSYH1EyKcl2V+zfdyXo=,W18jEpx3dHYKCzJsYbNe5qNHDpc=
20,-18,+uSUxV5ZcSYH1EyKcl2V+zfdyXo=,W18jEpx3dHYKCzJsYbNe5qNHDpc=
19,-21,+uSUxV5ZcSYH1EyKcl2V+zfdyXo=,W18jEpx3dHYKCzJsYbNe5qNHDpc=
24,-20,+uSUxV5ZcSYH1EyKcl2V+zfdyXo=,ENMMIKcip4M7HyL4gqL+sdltlYg=
21,-17,+uSUxV5ZcSYH1EyKcl2V+zfdyXo=,W18jEpx3dHYKCzJsYbNe5qNHDpc=
24,-23,+uSUxV5ZcSYH1EyKcl2V+zfdyXo=,ENMMIKcip4M7HyL4gqL+sdltlYg=
16,-22,+uSUxV5ZcSYH1EyKcl2V+zfdyXo=,W18jEpx3dHYKCzJsYbNe5qNHDpc=
21,-18,+uSUxV5ZcSYH1EyKcl2V+zfdyXo=,W18jEpx3dHYKCzJsYbNe5qNHDpc=
22,-17,+uSUxV5ZcSYH1EyKcl2V+zfdyXo=,W18jEpx3dHYKCzJsYbNe5qNHDpc=
19,-18,+uSUxV5ZcSYH1EyKcl2V+zfdyXo=,W18jEpx3dHYKCzJsYbNe5qNHDpc=
20,-21,+uSUxV5ZcSYH1EyKcl2V+zfdyXo=,W18jEpx3dHYKCzJsYbNe5qNHDpc=
17,-18,+uSUxV5ZcSYH1EyKcl2V+zfdyXo=,W18jEpx3dHYKCzJsYbNe5qNHDpc=
17,-21,+uSUxV5ZcSYH1EyKcl2V+zfdyXo=,W18jEpx3dHYKCzJsYbNe5qNHDpc=
17,-22,+uSUxV5ZcSYH1EyKcl2V+zfdyXo=,W18jEpx3dHYKCzJsYbNe5qNHDpc=
18,-18,+uSUxV5ZcSYH1EyKcl2V+zfdyXo=,W18jEpx3dHYKCzJsYbNe5qNHDpc=
21,-23,+uSUxV5ZcSYH1EyKcl2V+zfdyXo=,W18jEpx3dHYKCzJsYbNe5qNHDpc=
24,-21,+uSUxV5ZcSYH1EyKcl2V+zfdyXo=,ENMMIKcip4M7HyL4gqL+sdltlYg=
21,-22,+uSUxV5ZcSYH1EyKcl2V+zfdyXo=,W18jEpx3dHYKCzJsYbNe5qNHDpc=
18,-23,+uSUxV5ZcSYH1EyKcl2V+zfdyXo=,W18jEpx3dHYKCzJsYbNe5qNHDpc=
23,-19,+uSUxV5ZcSYH1EyKcl2V+zfdyXo=,W18jEpx3dHYKCzJsYbNe5qNHDpc=
19,-23,+uSUxV5ZcSYH1EyKcl2V+zfdyXo=,W18jEpx3dHYKCzJsYbNe5qNHDpc=
20,-23,+uSUxV5ZcSYH1EyKcl2V+zfdyXo=,W18jEpx3dHYKCzJsYbNe5qNHDpc=
19,-24,+uSUxV5ZcSYH1EyKcl2V+zfdyXo=,W18jEpx3dHYKCzJsYbNe5qNHDpc=
16,-18,+uSUxV5ZcSYH1EyKcl2V+zfdyXo=,W18jEpx3dHYKCzJsYbNe5qNHDpc=
22,-24,+uSUxV5ZcSYH1EyKcl2V+zfdyXo=,W18jEpx3dHYKCzJsYbNe5qNHDpc=
21,-21,+uSUxV5ZcSYH1EyKcl2V+zfdyXo=,W18jEpx3dHYKCzJsYbNe5qNHDpc=
16,-23,+uSUxV5ZcSYH1EyKcl2V+zfdyXo=,W18jEpx3dHYKCzJsYbNe5qNHDpc=
23,-24,+uSUxV5ZcSYH1EyKcl2V+zfdyXo=,W18jEpx3dHYKCzJsYbNe5qNHDpc=
20,-24,+uSUxV5ZcSYH1EyKcl2V+zfdyXo=,W18jEpx3dHYKCzJsYbNe5qNHDpc=
21,-24,+uSUxV5ZcSYH1EyKcl2V+zfdyXo=,W18jEpx3dHYKCzJsYbNe5qNHDpc=
18,-24,+uSUxV5ZcSYH1EyKcl2V+zfdyXo=,W18jEpx3dHYKCzJsYbNe5qNHDpc=
16,-24,+uSUxV5ZcSYH1EyKcl2V+zfdyXo=,W18jEpx3dHYKCzJsYbNe5qNHDpc=
16,-19,+uSUxV5ZcSYH1EyKcl2V+zfdyXo=,W18jEpx3dHYKCzJsYbNe5qNHDpc=
22,-19,+uSUxV5ZcSYH1EyKcl2V+zfdyXo=,W18jEpx3dHYKCzJsYbNe5qNHDpc=
17,-19,+uSUxV5ZcSYH1EyKcl2V+zfdyXo=,W18jEpx3dHYKCzJsYbNe5qNHDpc=
22,-25,+uSUxV5ZcSYH1EyKcl2V+zfdyXo=,yg7f91CZoQyzhRH+DtvYjQdH8BI=
19,-25,+uSUxV5ZcSYH1EyKcl2V+zfdyXo=,yg7f91CZoQyzhRH+DtvYjQdH8BI=
22,-20,+uSUxV5ZcSYH1EyKcl2V+zfdyXo=,W18jEpx3dHYKCzJsYbNe5qNHDpc=
21,-25,+uSUxV5ZcSYH1EyKcl2V+zfdyXo=,yg7f91CZoQyzhRH+DtvYjQdH8BI=
21,-19,+uSUxV5ZcSYH1EyKcl2V+zfdyXo=,W18jEpx3dHYKCzJsYbNe5qNHDpc=
20,-25,+uSUxV5ZcSYH1EyKcl2V+zfdyXo=,yg7f91CZoQyzhRH+DtvYjQdH8BI=
21,-20,+uSUxV5ZcSYH1EyKcl2V+zfdyXo=,W18jEpx3dHYKCzJsYbNe5qNHDpc=
20,-19,+uSUxV5ZcSYH1EyKcl2V+zfdyXo=,W18jEpx3dHYKCzJsYbNe5qNHDpc=
17,-23,+uSUxV5ZcSYH1EyKcl2V+zfdyXo=,W18jEpx3dHYKCzJsYbNe5qNHDpc=
19,-19,+uSUxV5ZcSYH1EyKcl2V+zfdyXo=,W18jEpx3dHYKCzJsYbNe5qNHDpc=
18,-25,+uSUxV5ZcSYH1EyKcl2V+zfdyXo=,yg7f91CZoQyzhRH+DtvYjQdH8BI=
18,-20,+uSUxV5ZcSYH1EyKcl2V+zfdyXo=,W18jEpx3dHYKCzJsYbNe5qNHDpc=
24,-24,+uSUxV5ZcSYH1EyKcl2V+zfdyXo=,ENMMIKcip4M7HyL4gqL+sdltlYg=
18,-19,+uSUxV5ZcSYH1EyKcl2V+zfdyXo=,W18jEpx3dHYKCzJsYbNe5qNHDpc=
23,-25,+uSUxV5ZcSYH1EyKcl2V+zfdyXo=,yg7f91CZoQyzhRH+DtvYjQdH8BI=
22,-21,+uSUxV5ZcSYH1EyKcl2V+zfdyXo=,W18jEpx3dHYKCzJsYbNe5qNHDpc=
16,-25,+uSUxV5ZcSYH1EyKcl2V+zfdyXo=,yg7f91CZoQyzhRH+DtvYjQdH8BI=
23,-21,+uSUxV5ZcSYH1EyKcl2V+zfdyXo=,W18jEpx3dHYKCzJsYbNe5qNHDpc=
16,-20,+uSUxV5ZcSYH1EyKcl2V+zfdyXo=,W18jEpx3dHYKCzJsYbNe5qNHDpc=
17,-24,+uSUxV5ZcSYH1EyKcl2V+zfdyXo=,W18jEpx3dHYKCzJsYbNe5qNHDpc=
19,-20,+uSUxV5ZcSYH1EyKcl2V+zfdyXo=,W18jEpx3dHYKCzJsYbNe5qNHDpc=
20,-20,+uSUxV5ZcSYH1EyKcl2V+zfdyXo=,W18jEpx3dHYKCzJsYbNe5qNHDpc=
17,-20,+uSUxV5ZcSYH1EyKcl2V+zfdyXo=,W18jEpx3dHYKCzJsYbNe5qNHDpc=
23,-20,+uSUxV5ZcSYH1EyKcl2V+zfdyXo=,W18jEpx3dHYKCzJsYbNe5qNHDpc=
17,-25,+uSUxV5ZcSYH1EyKcl2V+zfdyXo=,yg7f91CZoQyzhRH+DtvYjQdH8BI=
24,-18,+uSUxV5ZcSYH1EyKcl2V+zfdyXo=,ENMMIKcip4M7HyL4gqL+sdltlYg=
4,-21,LtLj5ExVycLwkTUROczcBfqlajU=,h1Oj3pSiaVtlQ9BrrmnudD26DlE=
5,-21,LtLj5ExVycLwkTUROczcBfqlajU=,h1Oj3pSiaVtlQ9BrrmnudD26DlE=
6,-21,LtLj5ExVycLwkTUROczcBfqlajU=,h1Oj3pSiaVtlQ9BrrmnudD26DlE=
3,-21,LtLj5ExVycLwkTUROczcBfqlajU=,h1Oj3pSiaVtlQ9BrrmnudD26DlE=
5,-22,LtLj5ExVycLwkTUROczcBfqlajU=,h1Oj3pSiaVtlQ9BrrmnudD26DlE=
4,-22,LtLj5ExVycLwkTUROczcBfqlajU=,h1Oj3pSiaVtlQ9BrrmnudD26DlE=
3,-22,LtLj5ExVycLwkTUROczcBfqlajU=,h1Oj3pSiaVtlQ9BrrmnudD26DlE=
1,-21,LtLj5ExVycLwkTUROczcBfqlajU=,h1Oj3pSiaVtlQ9BrrmnudD26DlE=
2,-21,LtLj5ExVycLwkTUROczcBfqlajU=,h1Oj3pSiaVtlQ9BrrmnudD26DlE=
1,-20,LtLj5ExVycLwkTUROczcBfqlajU=,h1Oj3pSiaVtlQ9BrrmnudD26DlE=
5,-18,LtLj5ExVycLwkTUROczcBfqlajU=,h1Oj3pSiaVtlQ9BrrmnudD26DlE=
1,-22,LtLj5ExVycLwkTUROczcBfqlajU=,h1Oj3pSiaVtlQ9BrrmnudD26DlE=
4,-18,LtLj5ExVycLwkTUROczcBfqlajU=,h1Oj3pSiaVtlQ9BrrmnudD26DlE=
3,-18,LtLj5ExVycLwkTUROczcBfqlajU=,h1Oj3pSiaVtlQ9BrrmnudD26DlE=
5,-23,LtLj5ExVycLwkTUROczcBfqlajU=,h1Oj3pSiaVtlQ9BrrmnudD26DlE=
6,-18,LtLj5ExVycLwkTUROczcBfqlajU=,h1Oj3pSiaVtlQ9BrrmnudD26DlE=
6,-22,LtLj5ExVycLwkTUROczcBfqlajU=,h1Oj3pSiaVtlQ9BrrmnudD26DlE=
6,-19,LtLj5ExVycLwkTUROczcBfqlajU=,h1Oj3pSiaVtlQ9BrrmnudD26DlE=
2,-18,LtLj5ExVycLwkTUROczcBfqlajU=,h1Oj3pSiaVtlQ9BrrmnudD26DlE=
2,-20,LtLj5ExVycLwkTUROczcBfqlajU=,h1Oj3pSiaVtlQ9BrrmnudD26DlE=
2,-23,LtLj5ExVycLwkTUROczcBfqlajU=,h1Oj3pSiaVtlQ9BrrmnudD26DlE=
4,-23,LtLj5ExVycLwkTUROczcBfqlajU=,h1Oj3pSiaVtlQ9BrrmnudD26DlE=
5,-19,LtLj5ExVycLwkTUROczcBfqlajU=,h1Oj3pSiaVtlQ9BrrmnudD26DlE=
6,-23,LtLj5ExVycLwkTUROczcBfqlajU=,h1Oj3pSiaVtlQ9BrrmnudD26DlE=
2,-22,LtLj5ExVycLwkTUROczcBfqlajU=,h1Oj3pSiaVtlQ9BrrmnudD26DlE=
3,-19,LtLj5ExVycLwkTUROczcBfqlajU=,h1Oj3pSiaVtlQ9BrrmnudD26DlE=
3,-20,LtLj5ExVycLwkTUROczcBfqlajU=,h1Oj3pSiaVtlQ9BrrmnudD26DlE=
4,-19,LtLj5ExVycLwkTUROczcBfqlajU=,h1Oj3pSiaVtlQ9BrrmnudD26DlE=
1,-18,LtLj5ExVycLwkTUROczcBfqlajU=,h1Oj3pSiaVtlQ9BrrmnudD26DlE=
1,-23,LtLj5ExVycLwkTUROczcBfqlajU=,h1Oj3pSiaVtlQ9BrrmnudD26DlE=
5,-20,LtLj5ExVycLwkTUROczcBfqlajU=,h1Oj3pSiaVtlQ9BrrmnudD26DlE=
2,-19,LtLj5ExVycLwkTUROczcBfqlajU=,h1Oj3pSiaVtlQ9BrrmnudD26DlE=
1,-19,LtLj5ExVycLwkTUROczcBfqlajU=,h1Oj3pSiaVtlQ9BrrmnudD26DlE=
6,-20,LtLj5ExVycLwkTUROczcBfqlajU=,h1Oj3pSiaVtlQ9BrrmnudD26DlE=
4,-20,LtLj5ExVycLwkTUROczcBfqlajU=,h1Oj3pSiaVtlQ9BrrmnudD26DlE=
3,-23,LtLj5ExVycLwkTUROczcBfqlajU=,h1Oj3pSiaVtlQ9BrrmnudD26DlE=
1,-17,ucd77mxhoy1gK7u5IG4miyfEuuQ=,h1Oj3pSiaVtlQ9BrrmnudD26DlE=
2,-17,ucd77mxhoy1gK7u5IG4miyfEuuQ=,h1Oj3pSiaVtlQ9BrrmnudD26DlE=
6,-17,ucd77mxhoy1gK7u5IG4miyfEuuQ=,h1Oj3pSiaVtlQ9BrrmnudD26DlE=
3,-17,ucd77mxhoy1gK7u5IG4miyfEuuQ=,h1Oj3pSiaVtlQ9BrrmnudD26DlE=
5,-17,ucd77mxhoy1gK7u5IG4miyfEuuQ=,h1Oj3pSiaVtlQ9BrrmnudD26DlE=
4,-17,ucd77mxhoy1gK7u5IG4miyfEuuQ=,h1Oj3pSiaVtlQ9BrrmnudD26DlE=
0,-20,ucd77mxhoy1gK7u5IG4miyfEuuQ=,h1Oj3pSiaVtlQ9BrrmnudD26DlE=
0,-19,ucd77mxhoy1gK7u5IG4miyfEuuQ=,h1Oj3pSiaVtlQ9BrrmnudD26DlE=
0,-23,ucd77mxhoy1gK7u5IG4miyfEuuQ=,h1Oj3pSiaVtlQ9BrrmnudD26DlE=
0,-22,ucd77mxhoy1gK7u5IG4miyfEuuQ=,h1Oj3pSiaVtlQ9BrrmnudD26DlE=
0,-21,ucd77mxhoy1gK7u5IG4miyfEuuQ=,h1Oj3pSiaVtlQ9BrrmnudD26DlE=
0,-18,ucd77mxhoy1gK7u5IG4miyfEuuQ=,h1Oj3pSiaVtlQ9BrrmnudD26DlE=
0,-17,ucd77mxhoy1gK7u5IG4miyfEuuQ=,h1Oj3pSiaVtlQ9BrrmnudD26DlE=
4,-27,ucd77mxhoy1gK7u5IG4miyfEuuQ=,ZAlvqaIQ3kE3Za5g7msQ9Yj6PmI=
5,-27,ucd77mxhoy1gK7u5IG4miyfEuuQ=,ZAlvqaIQ3kE3Za5g7msQ9Yj6PmI=
3,-27,ucd77mxhoy1gK7u5IG4miyfEuuQ=,ZAlvqaIQ3kE3Za5g7msQ9Yj6PmI=
2,-27,ucd77mxhoy1gK7u5IG4miyfEuuQ=,ZAlvqaIQ3kE3Za5g7msQ9Yj6PmI=
6,-27,ucd77mxhoy1gK7u5IG4miyfEuuQ=,ZAlvqaIQ3kE3Za5g7msQ9Yj6PmI=
1,-27,ucd77mxhoy1gK7u5IG4miyfEuuQ=,ZAlvqaIQ3kE3Za5g7msQ9Yj6PmI=
0,-26,ucd77mxhoy1gK7u5IG4miyfEuuQ=,ZAlvqaIQ3kE3Za5g7msQ9Yj6PmI=
1,-26,ucd77mxhoy1gK7u5IG4miyfEuuQ=,ZAlvqaIQ3kE3Za5g7msQ9Yj6PmI=
2,-26,ucd77mxhoy1gK7u5IG4miyfEuuQ=,ZAlvqaIQ3kE3Za5g7msQ9Yj6PmI=
0,-27,ucd77mxhoy1gK7u5IG4miyfEuuQ=,ZAlvqaIQ3kE3Za5g7msQ9Yj6PmI=
3,-26,ucd77mxhoy1gK7u5IG4miyfEuuQ=,ZAlvqaIQ3kE3Za5g7msQ9Yj6PmI=
4,-26,ucd77mxhoy1gK7u5IG4miyfEuuQ=,ZAlvqaIQ3kE3Za5g7msQ9Yj6PmI=
5,-26,ucd77mxhoy1gK7u5IG4miyfEuuQ=,ZAlvqaIQ3kE3Za5g7msQ9Yj6PmI=
6,-26,ucd77mxhoy1gK7u5IG4miyfEuuQ=,ZAlvqaIQ3kE3Za5g7msQ9Yj6PmI=
6,-28,ucd77mxhoy1gK7u5IG4miyfEuuQ=,ZAlvqaIQ3kE3Za5g7msQ9Yj6PmI=
5,-28,ucd77mxhoy1gK7u5IG4miyfEuuQ=,ZAlvqaIQ3kE3Za5g7msQ9Yj6PmI=
2,-28,ucd77mxhoy1gK7u5IG4miyfEuuQ=,ZAlvqaIQ3kE3Za5g7msQ9Yj6PmI=
1,-28,ucd77mxhoy1gK7u5IG4miyfEuuQ=,ZAlvqaIQ3kE3Za5g7msQ9Yj6PmI=
0,-32,ucd77mxhoy1gK7u5IG4miyfEuuQ=,ZAlvqaIQ3kE3Za5g7msQ9Yj6PmI=
3,-28,ucd77mxhoy1gK7u5IG4miyfEuuQ=,ZAlvqaIQ3kE3Za5g7msQ9Yj6PmI=
0,-28,ucd77mxhoy1gK7u5IG4miyfEuuQ=,ZAlvqaIQ3kE3Za5g7msQ9Yj6PmI=
4,-28,ucd77mxhoy1gK7u5IG4miyfEuuQ=,ZAlvqaIQ3kE3Za5g7msQ9Yj6PmI=
1,-29,ucd77mxhoy1gK7u5IG4miyfEuuQ=,ZAlvqaIQ3kE3Za5g7msQ9Yj6PmI=
0,-29,ucd77mxhoy1gK7u5IG4miyfEuuQ=,ZAlvqaIQ3kE3Za5g7msQ9Yj6PmI=
5,-29,ucd77mxhoy1gK7u5IG4miyfEuuQ=,ZAlvqaIQ3kE3Za5g7msQ9Yj6PmI=
6,-29,ucd77mxhoy1gK7u5IG4miyfEuuQ=,ZAlvqaIQ3kE3Za5g7msQ9Yj6PmI=
6,-30,ucd77mxhoy1gK7u5IG4miyfEuuQ=,ZAlvqaIQ3kE3Za5g7msQ9Yj6PmI=
5,-30,ucd77mxhoy1gK7u5IG4miyfEuuQ=,ZAlvqaIQ3kE3Za5g7msQ9Yj6PmI=
4,-29,ucd77mxhoy1gK7u5IG4miyfEuuQ=,ZAlvqaIQ3kE3Za5g7msQ9Yj6PmI=
4,-30,ucd77mxhoy1gK7u5IG4miyfEuuQ=,ZAlvqaIQ3kE3Za5g7msQ9Yj6PmI=
2,-29,ucd77mxhoy1gK7u5IG4miyfEuuQ=,ZAlvqaIQ3kE3Za5g7msQ9Yj6PmI=
4,-31,ucd77mxhoy1gK7u5IG4miyfEuuQ=,ZAlvqaIQ3kE3Za5g7msQ9Yj6PmI=
1,-30,ucd77mxhoy1gK7u5IG4miyfEuuQ=,ZAlvqaIQ3kE3Za5g7msQ9Yj6PmI=
5,-24,ucd77mxhoy1gK7u5IG4miyfEuuQ=,h1Oj3pSiaVtlQ9BrrmnudD26DlE=
3,-29,ucd77mxhoy1gK7u5IG4miyfEuuQ=,ZAlvqaIQ3kE3Za5g7msQ9Yj6PmI=
3,-31,ucd77mxhoy1gK7u5IG4miyfEuuQ=,ZAlvqaIQ3kE3Za5g7msQ9Yj6PmI=
2,-24,ucd77mxhoy1gK7u5IG4miyfEuuQ=,h1Oj3pSiaVtlQ9BrrmnudD26DlE=
0,-24,ucd77mxhoy1gK7u5IG4miyfEuuQ=,h1Oj3pSiaVtlQ9BrrmnudD26DlE=
1,-24,ucd77mxhoy1gK7u5IG4miyfEuuQ=,h1Oj3pSiaVtlQ9BrrmnudD26DlE=
5,-31,ucd77mxhoy1gK7u5IG4miyfEuuQ=,ZAlvqaIQ3kE3Za5g7msQ9Yj6PmI=
5,-25,ucd77mxhoy1gK7u5IG4miyfEuuQ=,ZAlvqaIQ3kE3Za5g7msQ9Yj6PmI=
2,-25,ucd77mxhoy1gK7u5IG4miyfEuuQ=,ZAlvqaIQ3kE3Za5g7msQ9Yj6PmI=
4,-24,ucd77mxhoy1gK7u5IG4miyfEuuQ=,h1Oj3pSiaVtlQ9BrrmnudD26DlE=
6,-25,ucd77mxhoy1gK7u5IG4miyfEuuQ=,ZAlvqaIQ3kE3Za5g7msQ9Yj6PmI=
1,-32,ucd77mxhoy1gK7u5IG4miyfEuuQ=,ZAlvqaIQ3kE3Za5g7msQ9Yj6PmI=
3,-24,ucd77mxhoy1gK7u5IG4miyfEuuQ=,h1Oj3pSiaVtlQ9BrrmnudD26DlE=
1,-31,ucd77mxhoy1gK7u5IG4miyfEuuQ=,ZAlvqaIQ3kE3Za5g7msQ9Yj6PmI=
1,-25,ucd77mxhoy1gK7u5IG4miyfEuuQ=,ZAlvqaIQ3kE3Za5g7msQ9Yj6PmI=
4,-25,ucd77mxhoy1gK7u5IG4miyfEuuQ=,ZAlvqaIQ3kE3Za5g7msQ9Yj6PmI=
5,-32,ucd77mxhoy1gK7u5IG4miyfEuuQ=,ZAlvqaIQ3kE3Za5g7msQ9Yj6PmI=
0,-25,ucd77mxhoy1gK7u5IG4miyfEuuQ=,ZAlvqaIQ3kE3Za5g7msQ9Yj6PmI=
4,-32,ucd77mxhoy1gK7u5IG4miyfEuuQ=,ZAlvqaIQ3kE3Za5g7msQ9Yj6PmI=
2,-32,ucd77mxhoy1gK7u5IG4miyfEuuQ=,ZAlvqaIQ3kE3Za5g7msQ9Yj6PmI=
0,-31,ucd77mxhoy1gK7u5IG4miyfEuuQ=,ZAlvqaIQ3kE3Za5g7msQ9Yj6PmI=
3,-32,ucd77mxhoy1gK7u5IG4miyfEuuQ=,ZAlvqaIQ3kE3Za5g7msQ9Yj6PmI=
3,-25,ucd77mxhoy1gK7u5IG4miyfEuuQ=,ZAlvqaIQ3kE3Za5g7msQ9Yj6PmI=
2,-30,ucd77mxhoy1gK7u5IG4miyfEuuQ=,ZAlvqaIQ3kE3Za5g7msQ9Yj6PmI=
3,-30,ucd77mxhoy1gK7u5IG4miyfEuuQ=,ZAlvqaIQ3kE3Za5g7msQ9Yj6PmI=
2,-31,ucd77mxhoy1gK7u5IG4miyfEuuQ=,ZAlvqaIQ3kE3Za5g7msQ9Yj6PmI=
6,-32,ucd77mxhoy1gK7u5IG4miyfEuuQ=,ZAlvqaIQ3kE3Za5g7msQ9Yj6PmI=
6,-31,ucd77mxhoy1gK7u5IG4miyfEuuQ=,ZAlvqaIQ3kE3Za5g7msQ9Yj6PmI=
0,-30,ucd77mxhoy1gK7u5IG4miyfEuuQ=,ZAlvqaIQ3kE3Za5g7msQ9Yj6PmI=
6,-24,ucd77mxhoy1gK7u5IG4miyfEuuQ=,h1Oj3pSiaVtlQ9BrrmnudD26DlE=
11,-29,4ydbLsu54aNGru13pxU5UjKgeBE=,WFOZqzFrHufdjqlpgm1CZhgn4/c=
10,-29,4ydbLsu54aNGru13pxU5UjKgeBE=,WFOZqzFrHufdjqlpgm1CZhgn4/c=
7,-27,4ydbLsu54aNGru13pxU5UjKgeBE=,ZAlvqaIQ3kE3Za5g7msQ9Yj6PmI=
7,-28,4ydbLsu54aNGru13pxU5UjKgeBE=,ZAlvqaIQ3kE3Za5g7msQ9Yj6PmI=
12,-29,4ydbLsu54aNGru13pxU5UjKgeBE=,WFOZqzFrHufdjqlpgm1CZhgn4/c=
7,-29,4ydbLsu54aNGru13pxU5UjKgeBE=,ZAlvqaIQ3kE3Za5g7msQ9Yj6PmI=
15,-26,4ydbLsu54aNGru13pxU5UjKgeBE=,WFOZqzFrHufdjqlpgm1CZhgn4/c=
14,-26,4ydbLsu54aNGru13pxU5UjKgeBE=,WFOZqzFrHufdjqlpgm1CZhgn4/c=
7,-30,4ydbLsu54aNGru13pxU5UjKgeBE=,ZAlvqaIQ3kE3Za5g7msQ9Yj6PmI=
13,-29,4ydbLsu54aNGru13pxU5UjKgeBE=,WFOZqzFrHufdjqlpgm1CZhgn4/c=
9,-29,4ydbLsu54aNGru13pxU5UjKgeBE=,WFOZqzFrHufdjqlpgm1CZhgn4/c=
8,-29,4ydbLsu54aNGru13pxU5UjKgeBE=,WFOZqzFrHufdjqlpgm1CZhgn4/c=
14,-29,4ydbLsu54aNGru13pxU5UjKgeBE=,WFOZqzFrHufdjqlpgm1CZhgn4/c=
13,-26,4ydbLsu54aNGru13pxU5UjKgeBE=,WFOZqzFrHufdjqlpgm1CZhgn4/c=
15,-29,4ydbLsu54aNGru13pxU5UjKgeBE=,WFOZqzFrHufdjqlpgm1CZhgn4/c=
11,-26,4ydbLsu54aNGru13pxU5UjKgeBE=,WFOZqzFrHufdjqlpgm1CZhgn4/c=
12,-26,4ydbLsu54aNGru13pxU5UjKgeBE=,WFOZqzFrHufdjqlpgm1CZhgn4/c=
8,-28,4ydbLsu54aNGru13pxU5UjKgeBE=,WFOZqzFrHufdjqlpgm1CZhgn4/c=
10,-26,4ydbLsu54aNGru13pxU5UjKgeBE=,WFOZqzFrHufdjqlpgm1CZhgn4/c=
15,-30,4ydbLsu54aNGru13pxU5UjKgeBE=,WFOZqzFrHufdjqlpgm1CZhgn4/c=
14,-30,4ydbLsu54aNGru13pxU5UjKgeBE=,WFOZqzFrHufdjqlpgm1CZhgn4/c=
15,-27,4ydbLsu54aNGru13pxU5UjKgeBE=,WFOZqzFrHufdjqlpgm1CZhgn4/c=
13,-30,4ydbLsu54aNGru13pxU5UjKgeBE=,WFOZqzFrHufdjqlpgm1CZhgn4/c=
8,-26,4ydbLsu54aNGru13pxU5UjKgeBE=,WFOZqzFrHufdjqlpgm1CZhgn4/c=
9,-28,4ydbLsu54aNGru13pxU5UjKgeBE=,WFOZqzFrHufdjqlpgm1CZhgn4/c=
14,-27,4ydbLsu54aNGru13pxU5UjKgeBE=,WFOZqzFrHufdjqlpgm1CZhgn4/c=
12,-30,4ydbLsu54aNGru13pxU5UjKgeBE=,WFOZqzFrHufdjqlpgm1CZhgn4/c=
13,-27,4ydbLsu54aNGru13pxU5UjKgeBE=,WFOZqzFrHufdjqlpgm1CZhgn4/c=
12,-27,4ydbLsu54aNGru13pxU5UjKgeBE=,WFOZqzFrHufdjqlpgm1CZhgn4/c=
9,-26,4ydbLsu54aNGru13pxU5UjKgeBE=,WFOZqzFrHufdjqlpgm1CZhgn4/c=
10,-27,4ydbLsu54aNGru13pxU5UjKgeBE=,WFOZqzFrHufdjqlpgm1CZhgn4/c=
11,-27,4ydbLsu54aNGru13pxU5UjKgeBE=,WFOZqzFrHufdjqlpgm1CZhgn4/c=
15,-31,4ydbLsu54aNGru13pxU5UjKgeBE=,WFOZqzFrHufdjqlpgm1CZhgn4/c=
9,-30,4ydbLsu54aNGru13pxU5UjKgeBE=,WFOZqzFrHufdjqlpgm1CZhgn4/c=
8,-27,4ydbLsu54aNGru13pxU5UjKgeBE=,WFOZqzFrHufdjqlpgm1CZhgn4/c=
10,-28,4ydbLsu54aNGru13pxU5UjKgeBE=,WFOZqzFrHufdjqlpgm1CZhgn4/c=
14,-31,4ydbLsu54aNGru13pxU5UjKgeBE=,WFOZqzFrHufdjqlpgm1CZhgn4/c=
14,-32,4ydbLsu54aNGru13pxU5UjKgeBE=,WFOZqzFrHufdjqlpgm1CZhgn4/c=
8,-30,4ydbLsu54aNGru13pxU5UjKgeBE=,WFOZqzFrHufdjqlpgm1CZhgn4/c=
15,-28,4ydbLsu54aNGru13pxU5UjKgeBE=,WFOZqzFrHufdjqlpgm1CZhgn4/c=
9,-27,4ydbLsu54aNGru13pxU5UjKgeBE=,WFOZqzFrHufdjqlpgm1CZhgn4/c=
11,-28,4ydbLsu54aNGru13pxU5UjKgeBE=,WFOZqzFrHufdjqlpgm1CZhgn4/c=
14,-28,4ydbLsu54aNGru13pxU5UjKgeBE=,WFOZqzFrHufdjqlpgm1CZhgn4/c=
7,-31,4ydbLsu54aNGru13pxU5UjKgeBE=,ZAlvqaIQ3kE3Za5g7msQ9Yj6PmI=
10,-30,4ydbLsu54aNGru13pxU5UjKgeBE=,WFOZqzFrHufdjqlpgm1CZhgn4/c=
13,-20,4ydbLsu54aNGru13pxU5UjKgeBE=,uSce03IX5A+njC6RW6rsQbu9nEc=
11,-30,4ydbLsu54aNGru13pxU5UjKgeBE=,WFOZqzFrHufdjqlpgm1CZhgn4/c=
12,-19,4ydbLsu54aNGru13pxU5UjKgeBE=,uSce03IX5A+njC6RW6rsQbu9nEc=
12,-32,4ydbLsu54aNGru13pxU5UjKgeBE=,WFOZqzFrHufdjqlpgm1CZhgn4/c=
13,-32,4ydbLsu54aNGru13pxU5UjKgeBE=,WFOZqzFrHufdjqlpgm1CZhgn4/c=
9,-19,4ydbLsu54aNGru13pxU5UjKgeBE=,uSce03IX5A+njC6RW6rsQbu9nEc=
15,-25,4ydbLsu54aNGru13pxU5UjKgeBE=,WFOZqzFrHufdjqlpgm1CZhgn4/c=
15,-32,4ydbLsu54aNGru13pxU5UjKgeBE=,WFOZqzFrHufdjqlpgm1CZhgn4/c=
10,-19,4ydbLsu54aNGru13pxU5UjKgeBE=,uSce03IX5A+njC6RW6rsQbu9nEc=
12,-25,4ydbLsu54aNGru13pxU5UjKgeBE=,WFOZqzFrHufdjqlpgm1CZhgn4/c=
7,-26,4ydbLsu54aNGru13pxU5UjKgeBE=,ZAlvqaIQ3kE3Za5g7msQ9Yj6PmI=
15,-23,4ydbLsu54aNGru13pxU5UjKgeBE=,uSce03IX5A+njC6RW6rsQbu9nEc=
13,-25,4ydbLsu54aNGru13pxU5UjKgeBE=,WFOZqzFrHufdjqlpgm1CZhgn4/c=
8,-19,4ydbLsu54aNGru13pxU5UjKgeBE=,uSce03IX5A+njC6RW6rsQbu9nEc=
11,-32,4ydbLsu54aNGru13pxU5UjKgeBE=,WFOZqzFrHufdjqlpgm1CZhgn4/c=
9,-23,4ydbLsu54aNGru13pxU5UjKgeBE=,uSce03IX5A+njC6RW6rsQbu9nEc=
14,-20,4ydbLsu54aNGru13pxU5UjKgeBE=,uSce03IX5A+njC6RW6rsQbu9nEc=
15,-20,4ydbLsu54aNGru13pxU5UjKgeBE=,uSce03IX5A+njC6RW6rsQbu9nEc=
12,-31,4ydbLsu54aNGru13pxU5UjKgeBE=,WFOZqzFrHufdjqlpgm1CZhgn4/c=
7,-17,4ydbLsu54aNGru13pxU5UjKgeBE=,h1Oj3pSiaVtlQ9BrrmnudD26DlE=
11,-24,4ydbLsu54aNGru13pxU5UjKgeBE=,uSce03IX5A+njC6RW6rsQbu9nEc=
9,-25,4ydbLsu54aNGru13pxU5UjKgeBE=,WFOZqzFrHufdjqlpgm1CZhgn4/c=
11,-31,4ydbLsu54aNGru13pxU5UjKgeBE=,WFOZqzFrHufdjqlpgm1CZhgn4/c=
8,-25,4ydbLsu54aNGru13pxU5UjKgeBE=,WFOZqzFrHufdjqlpgm1CZhgn4/c=
7,-18,4ydbLsu54aNGru13pxU5UjKgeBE=,h1Oj3pSiaVtlQ9BrrmnudD26DlE=
11,-19,4ydbLsu54aNGru13pxU5UjKgeBE=,uSce03IX5A+njC6RW6rsQbu9nEc=
8,-23,4ydbLsu54aNGru13pxU5UjKgeBE=,uSce03IX5A+njC6RW6rsQbu9nEc=
11,-25,4ydbLsu54aNGru13pxU5UjKgeBE=,WFOZqzFrHufdjqlpgm1CZhgn4/c=
13,-31,4ydbLsu54aNGru13pxU5UjKgeBE=,WFOZqzFrHufdjqlpgm1CZhgn4/c=
7,-32,4ydbLsu54aNGru13pxU5UjKgeBE=,ZAlvqaIQ3kE3Za5g7msQ9Yj6PmI=
13,-28,4ydbLsu54aNGru13pxU5UjKgeBE=,WFOZqzFrHufdjqlpgm1CZhgn4/c=
13,-21,4ydbLsu54aNGru13pxU5UjKgeBE=,uSce03IX5A+njC6RW6rsQbu9nEc=
14,-24,4ydbLsu54aNGru13pxU5UjKgeBE=,uSce03IX5A+njC6RW6rsQbu9nEc=
15,-24,4ydbLsu54aNGru13pxU5UjKgeBE=,uSce03IX5A+njC6RW6rsQbu9nEc=
8,-31,4ydbLsu54aNGru13pxU5UjKgeBE=,WFOZqzFrHufdjqlpgm1CZhgn4/c=
7,-20,4ydbLsu54aNGru13pxU5UjKgeBE=,h1Oj3pSiaVtlQ9BrrmnudD26DlE=
12,-21,4ydbLsu54aNGru13pxU5UjKgeBE=,uSce03IX5A+njC6RW6rsQbu9nEc=
7,-22,4ydbLsu54aNGru13pxU5UjKgeBE=,h1Oj3pSiaVtlQ9BrrmnudD26DlE=
15,-22,4ydbLsu54aNGru13pxU5UjKgeBE=,uSce03IX5A+njC6RW6rsQbu9nEc=
14,-17,4ydbLsu54aNGru13pxU5UjKgeBE=,uSce03IX5A+njC6RW6rsQbu9nEc=
8,-32,4ydbLsu54aNGru13pxU5UjKgeBE=,WFOZqzFrHufdjqlpgm1CZhgn4/c=
12,-28,4ydbLsu54aNGru13pxU5UjKgeBE=,WFOZqzFrHufdjqlpgm1CZhgn4/c=
10,-31,4ydbLsu54aNGru13pxU5UjKgeBE=,WFOZqzFrHufdjqlpgm1CZhgn4/c=
14,-25,4ydbLsu54aNGru13pxU5UjKgeBE=,WFOZqzFrHufdjqlpgm1CZhgn4/c=
15,-17,4ydbLsu54aNGru13pxU5UjKgeBE=,uSce03IX5A+njC6RW6rsQbu9nEc=
11,-17,4ydbLsu54aNGru13pxU5UjKgeBE=,uSce03IX5A+njC6RW6rsQbu9nEc=
13,-24,4ydbLsu54aNGru13pxU5UjKgeBE=,uSce03IX5A+njC6RW6rsQbu9nEc=
11,-23,4ydbLsu54aNGru13pxU5UjKgeBE=,uSce03IX5A+njC6RW6rsQbu9nEc=
7,-23,4ydbLsu54aNGru13pxU5UjKgeBE=,h1Oj3pSiaVtlQ9BrrmnudD26DlE=
13,-23,4ydbLsu54aNGru13pxU5UjKgeBE=,uSce03IX5A+njC6RW6rsQbu9nEc=
10,-17,4ydbLsu54aNGru13pxU5UjKgeBE=,uSce03IX5A+njC6RW6rsQbu9nEc=
9,-17,4ydbLsu54aNGru13pxU5UjKgeBE=,uSce03IX5A+njC6RW6rsQbu9nEc=
14,-18,4ydbLsu54aNGru13pxU5UjKgeBE=,uSce03IX5A+njC6RW6rsQbu9nEc=
7,-19,4ydbLsu54aNGru13pxU5UjKgeBE=,h1Oj3pSiaVtlQ9BrrmnudD26DlE=
15,-18,4ydbLsu54aNGru13pxU5UjKgeBE=,uSce03IX5A+njC6RW6rsQbu9nEc=
7,-24,4ydbLsu54aNGru13pxU5UjKgeBE=,h1Oj3pSiaVtlQ9BrrmnudD26DlE=
13,-17,4ydbLsu54aNGru13pxU5UjKgeBE=,uSce03IX5A+njC6RW6rsQbu9nEc=
12,-17,4ydbLsu54aNGru13pxU5UjKgeBE=,uSce03IX5A+njC6RW6rsQbu9nEc=
13,-22,4ydbLsu54aNGru13pxU5UjKgeBE=,uSce03IX5A+njC6RW6rsQbu9nEc=
14,-21,4ydbLsu54aNGru13pxU5UjKgeBE=,uSce03IX5A+njC6RW6rsQbu9nEc=
14,-22,4ydbLsu54aNGru13pxU5UjKgeBE=,uSce03IX5A+njC6RW6rsQbu9nEc=
8,-17,4ydbLsu54aNGru13pxU5UjKgeBE=,uSce03IX5A+njC6RW6rsQbu9nEc=
14,-23,4ydbLsu54aNGru13pxU5UjKgeBE=,uSce03IX5A+njC6RW6rsQbu9nEc=
9,-24,4ydbLsu54aNGru13pxU5UjKgeBE=,uSce03IX5A+njC6RW6rsQbu9nEc=
12,-18,4ydbLsu54aNGru13pxU5UjKgeBE=,uSce03IX5A+njC6RW6rsQbu9nEc=
11,-20,4ydbLsu54aNGru13pxU5UjKgeBE=,uSce03IX5A+njC6RW6rsQbu9nEc=
10,-20,4ydbLsu54aNGru13pxU5UjKgeBE=,uSce03IX5A+njC6RW6rsQbu9nEc=
11,-21,4ydbLsu54aNGru13pxU5UjKgeBE=,uSce03IX5A+njC6RW6rsQbu9nEc=
8,-24,4ydbLsu54aNGru13pxU5UjKgeBE=,uSce03IX5A+njC6RW6rsQbu9nEc=
12,-20,4ydbLsu54aNGru13pxU5UjKgeBE=,uSce03IX5A+njC6RW6rsQbu9nEc=
12,-24,4ydbLsu54aNGru13pxU5UjKgeBE=,uSce03IX5A+njC6RW6rsQbu9nEc=
15,-21,4ydbLsu54aNGru13pxU5UjKgeBE=,uSce03IX5A+njC6RW6rsQbu9nEc=
10,-21,4ydbLsu54aNGru13pxU5UjKgeBE=,uSce03IX5A+njC6RW6rsQbu9nEc=
13,-18,4ydbLsu54aNGru13pxU5UjKgeBE=,uSce03IX5A+njC6RW6rsQbu9nEc=
10,-32,4ydbLsu54aNGru13pxU5UjKgeBE=,WFOZqzFrHufdjqlpgm1CZhgn4/c=
12,-22,4ydbLsu54aNGru13pxU5UjKgeBE=,uSce03IX5A+njC6RW6rsQbu9nEc=
7,-25,4ydbLsu54aNGru13pxU5UjKgeBE=,ZAlvqaIQ3kE3Za5g7msQ9Yj6PmI=
9,-18,4ydbLsu54aNGru13pxU5UjKgeBE=,uSce03IX5A+njC6RW6rsQbu9nEc=
14,-19,4ydbLsu54aNGru13pxU5UjKgeBE=,uSce03IX5A+njC6RW6rsQbu9nEc=
9,-31,4ydbLsu54aNGru13pxU5UjKgeBE=,WFOZqzFrHufdjqlpgm1CZhgn4/c=
10,-18,4ydbLsu54aNGru13pxU5UjKgeBE=,uSce03IX5A+njC6RW6rsQbu9nEc=
12,-23,4ydbLsu54aNGru13pxU5UjKgeBE=,uSce03IX5A+njC6RW6rsQbu9nEc=
10,-23,4ydbLsu54aNGru13pxU5UjKgeBE=,uSce03IX5A+njC6RW6rsQbu9nEc=
15,-19,4ydbLsu54aNGru13pxU5UjKgeBE=,uSce03IX5A+njC6RW6rsQbu9nEc=
9,-21,4ydbLsu54aNGru13pxU5UjKgeBE=,uSce03IX5A+njC6RW6rsQbu9nEc=
10,-25,4ydbLsu54aNGru13pxU5UjKgeBE=,WFOZqzFrHufdjqlpgm1CZhgn4/c=
8,-18,4ydbLsu54aNGru13pxU5UjKgeBE=,uSce03IX5A+njC6RW6rsQbu9nEc=
8,-22,4ydbLsu54aNGru13pxU5UjKgeBE=,uSce03IX5A+njC6RW6rsQbu9nEc=
10,-24,4ydbLsu54aNGru13pxU5UjKgeBE=,uSce03IX5A+njC6RW6rsQbu9nEc=
13,-19,4ydbLsu54aNGru13pxU5UjKgeBE=,uSce03IX5A+njC6RW6rsQbu9nEc=
11,-22,4ydbLsu54aNGru13pxU5UjKgeBE=,uSce03IX5A+njC6RW6rsQbu9nEc=
9,-20,4ydbLsu54aNGru13pxU5UjKgeBE=,uSce03IX5A+njC6RW6rsQbu9nEc=
7,-21,4ydbLsu54aNGru13pxU5UjKgeBE=,h1Oj3pSiaVtlQ9BrrmnudD26DlE=
11,-18,4ydbLsu54aNGru13pxU5UjKgeBE=,uSce03IX5A+njC6RW6rsQbu9nEc=
10,-22,4ydbLsu54aNGru13pxU5UjKgeBE=,uSce03IX5A+njC6RW6rsQbu9nEc=
9,-22,4ydbLsu54aNGru13pxU5UjKgeBE=,uSce03IX5A+njC6RW6rsQbu9nEc=
8,-20,4ydbLsu54aNGru13pxU5UjKgeBE=,uSce03IX5A+njC6RW6rsQbu9nEc=
8,-21,4ydbLsu54aNGru13pxU5UjKgeBE=,uSce03IX5A+njC6RW6rsQbu9nEc=
9,-32,4ydbLsu54aNGru13pxU5UjKgeBE=,WFOZqzFrHufdjqlpgm1CZhgn4/c=
4,-11,PreJ3EMdkczkY8mC4TuLhKkmvM8=,kybfkvRarG4sx6WZji2Z1VIaATs=
5,-11,PreJ3EMdkczkY8mC4TuLhKkmvM8=,kybfkvRarG4sx6WZji2Z1VIaATs=
2,-11,PreJ3EMdkczkY8mC4TuLhKkmvM8=,kybfkvRarG4sx6WZji2Z1VIaATs=
3,-11,PreJ3EMdkczkY8mC4TuLhKkmvM8=,kybfkvRarG4sx6WZji2Z1VIaATs=
3,-12,PreJ3EMdkczkY8mC4TuLhKkmvM8=,kybfkvRarG4sx6WZji2Z1VIaATs=
1,-12,PreJ3EMdkczkY8mC4TuLhKkmvM8=,kybfkvRarG4sx6WZji2Z1VIaATs=
5,-12,PreJ3EMdkczkY8mC4TuLhKkmvM8=,kybfkvRarG4sx6WZji2Z1VIaATs=
4,-13,PreJ3EMdkczkY8mC4TuLhKkmvM8=,kybfkvRarG4sx6WZji2Z1VIaATs=
1,-11,PreJ3EMdkczkY8mC4TuLhKkmvM8=,kybfkvRarG4sx6WZji2Z1VIaATs=
2,-12,PreJ3EMdkczkY8mC4TuLhKkmvM8=,kybfkvRarG4sx6WZji2Z1VIaATs=
3,-13,PreJ3EMdkczkY8mC4TuLhKkmvM8=,kybfkvRarG4sx6WZji2Z1VIaATs=
4,-14,PreJ3EMdkczkY8mC4TuLhKkmvM8=,kybfkvRarG4sx6WZji2Z1VIaATs=
2,-13,PreJ3EMdkczkY8mC4TuLhKkmvM8=,kybfkvRarG4sx6WZji2Z1VIaATs=
3,-14,PreJ3EMdkczkY8mC4TuLhKkmvM8=,kybfkvRarG4sx6WZji2Z1VIaATs=
2,-14,PreJ3EMdkczkY8mC4TuLhKkmvM8=,kybfkvRarG4sx6WZji2Z1VIaATs=
5,-14,PreJ3EMdkczkY8mC4TuLhKkmvM8=,kybfkvRarG4sx6WZji2Z1VIaATs=
1,-13,PreJ3EMdkczkY8mC4TuLhKkmvM8=,kybfkvRarG4sx6WZji2Z1VIaATs=
5,-13,PreJ3EMdkczkY8mC4TuLhKkmvM8=,kybfkvRarG4sx6WZji2Z1VIaATs=
6,-12,PreJ3EMdkczkY8mC4TuLhKkmvM8=,kybfkvRarG4sx6WZji2Z1VIaATs=
1,-14,PreJ3EMdkczkY8mC4TuLhKkmvM8=,kybfkvRarG4sx6WZji2Z1VIaATs=
4,-12,PreJ3EMdkczkY8mC4TuLhKkmvM8=,kybfkvRarG4sx6WZji2Z1VIaATs=
2,-15,PreJ3EMdkczkY8mC4TuLhKkmvM8=,kybfkvRarG4sx6WZji2Z1VIaATs=
6,-11,PreJ3EMdkczkY8mC4TuLhKkmvM8=,kybfkvRarG4sx6WZji2Z1VIaATs=
3,-15,PreJ3EMdkczkY8mC4TuLhKkmvM8=,kybfkvRarG4sx6WZji2Z1VIaATs=
6,-13,PreJ3EMdkczkY8mC4TuLhKkmvM8=,kybfkvRarG4sx6WZji2Z1VIaATs=
1,-15,PreJ3EMdkczkY8mC4TuLhKkmvM8=,kybfkvRarG4sx6WZji2Z1VIaATs=
6,-15,PreJ3EMdkczkY8mC4TuLhKkmvM8=,kybfkvRarG4sx6WZji2Z1VIaATs=
6,-10,PreJ3EMdkczkY8mC4TuLhKkmvM8=,kybfkvRarG4sx6WZji2Z1VIaATs=
5,-15,PreJ3EMdkczkY8mC4TuLhKkmvM8=,kybfkvRarG4sx6WZji2Z1VIaATs=
2,-10,PreJ3EMdkczkY8mC4TuLhKkmvM8=,kybfkvRarG4sx6WZji2Z1VIaATs=
3,-10,PreJ3EMdkczkY8mC4TuLhKkmvM8=,kybfkvRarG4sx6WZji2Z1VIaATs=
6,-14,PreJ3EMdkczkY8mC4TuLhKkmvM8=,kybfkvRarG4sx6WZji2Z1VIaATs=
4,-10,PreJ3EMdkczkY8mC4TuLhKkmvM8=,kybfkvRarG4sx6WZji2Z1VIaATs=
5,-10,PreJ3EMdkczkY8mC4TuLhKkmvM8=,kybfkvRarG4sx6WZji2Z1VIaATs=
1,-10,PreJ3EMdkczkY8mC4TuLhKkmvM8=,kybfkvRarG4sx6WZji2Z1VIaATs=
4,-15,PreJ3EMdkczkY8mC4TuLhKkmvM8=,kybfkvRarG4sx6WZji2Z1VIaATs=
0,-10,PreJ3EMdkczkY8mC4TuLhKkmvM8=,kybfkvRarG4sx6WZji2Z1VIaATs=
0,-15,PreJ3EMdkczkY8mC4TuLhKkmvM8=,kybfkvRarG4sx6WZji2Z1VIaATs=
0,-12,PreJ3EMdkczkY8mC4TuLhKkmvM8=,kybfkvRarG4sx6WZji2Z1VIaATs=
0,-11,PreJ3EMdkczkY8mC4TuLhKkmvM8=,kybfkvRarG4sx6WZji2Z1VIaATs=
0,-14,PreJ3EMdkczkY8mC4TuLhKkmvM8=,kybfkvRarG4sx6WZji2Z1VIaATs=
0,-13,PreJ3EMdkczkY8mC4TuLhKkmvM8=,kybfkvRarG4sx6WZji2Z1VIaATs=
4,-5,PreJ3EMdkczkY8mC4TuLhKkmvM8=,hwJ8/ZKCxuNE3d/Xfqpj2NWxGoA=
1,-16,PreJ3EMdkczkY8mC4TuLhKkmvM8=,kybfkvRarG4sx6WZji2Z1VIaATs=
3,-5,PreJ3EMdkczkY8mC4TuLhKkmvM8=,hwJ8/ZKCxuNE3d/Xfqpj2NWxGoA=
2,-5,PreJ3EMdkczkY8mC4TuLhKkmvM8=,hwJ8/ZKCxuNE3d/Xfqpj2NWxGoA=
7,-6,PreJ3EMdkczkY8mC4TuLhKkmvM8=,hwJ8/ZKCxuNE3d/Xfqpj2NWxGoA=
7,-1,PreJ3EMdkczkY8mC4TuLhKkmvM8=,hwJ8/ZKCxuNE3d/Xfqpj2NWxGoA=
11,-3,PreJ3EMdkczkY8mC4TuLhKkmvM8=,fgwd9kF++6z6izu924QstHsqYF0=
15,-5,PreJ3EMdkczkY8mC4TuLhKkmvM8=,fgwd9kF++6z6izu924QstHsqYF0=
14,-7,PreJ3EMdkczkY8mC4TuLhKkmvM8=,fgwd9kF++6z6izu924QstHsqYF0=
12,-3,PreJ3EMdkczkY8mC4TuLhKkmvM8=,fgwd9kF++6z6izu924QstHsqYF0=
14,-5,PreJ3EMdkczkY8mC4TuLhKkmvM8=,fgwd9kF++6z6izu924QstHsqYF0=
5,-5,PreJ3EMdkczkY8mC4TuLhKkmvM8=,hwJ8/ZKCxuNE3d/Xfqpj2NWxGoA=
2,-16,PreJ3EMdkczkY8mC4TuLhKkmvM8=,kybfkvRarG4sx6WZji2Z1VIaATs=
15,-7,PreJ3EMdkczkY8mC4TuLhKkmvM8=,fgwd9kF++6z6izu924QstHsqYF0=
6,-5,PreJ3EMdkczkY8mC4TuLhKkmvM8=,hwJ8/ZKCxuNE3d/Xfqpj2NWxGoA=
6,-1,PreJ3EMdkczkY8mC4TuLhKkmvM8=,hwJ8/ZKCxuNE3d/Xfqpj2NWxGoA=
13,-6,PreJ3EMdkczkY8mC4TuLhKkmvM8=,fgwd9kF++6z6izu924QstHsqYF0=
7,-7,PreJ3EMdkczkY8mC4TuLhKkmvM8=,hwJ8/ZKCxuNE3d/Xfqpj2NWxGoA=
10,-3,PreJ3EMdkczkY8mC4TuLhKkmvM8=,fgwd9kF++6z6izu924QstHsqYF0=
15,-6,PreJ3EMdkczkY8mC4TuLhKkmvM8=,fgwd9kF++6z6izu924QstHsqYF0=
13,-5,PreJ3EMdkczkY8mC4TuLhKkmvM8=,fgwd9kF++6z6izu924QstHsqYF0=
5,-16,PreJ3EMdkczkY8mC4TuLhKkmvM8=,kybfkvRarG4sx6WZji2Z1VIaATs=
4,-1,PreJ3EMdkczkY8mC4TuLhKkmvM8=,hwJ8/ZKCxuNE3d/Xfqpj2NWxGoA=
13,-4,PreJ3EMdkczkY8mC4TuLhKkmvM8=,fgwd9kF++6z6izu924QstHsqYF0=
12,-6,PreJ3EMdkczkY8mC4TuLhKkmvM8=,fgwd9kF++6z6izu924QstHsqYF0=
10,-4,PreJ3EMdkczkY8mC4TuLhKkmvM8=,fgwd9kF++6z6izu924QstHsqYF0=
2,-1,PreJ3EMdkczkY8mC4TuLhKkmvM8=,hwJ8/ZKCxuNE3d/Xfqpj2NWxGoA=
14,-1,PreJ3EMdkczkY8mC4TuLhKkmvM8=,fgwd9kF++6z6izu924QstHsqYF0=
5,-1,PreJ3EMdkczkY8mC4TuLhKkmvM8=,hwJ8/ZKCxuNE3d/Xfqpj2NWxGoA=
14,-6,PreJ3EMdkczkY8mC4TuLhKkmvM8=,fgwd9kF++6z6izu924QstHsqYF0=
10,-6,PreJ3EMdkczkY8mC4TuLhKkmvM8=,fgwd9kF++6z6izu924QstHsqYF0=
13,-3,PreJ3EMdkczkY8mC4TuLhKkmvM8=,fgwd9kF++6z6izu924QstHsqYF0=
0,-5,PreJ3EMdkczkY8mC4TuLhKkmvM8=,hwJ8/ZKCxuNE3d/Xfqpj2NWxGoA=
11,-4,PreJ3EMdkczkY8mC4TuLhKkmvM8=,fgwd9kF++6z6izu924QstHsqYF0=
3,-1,PreJ3EMdkczkY8mC4TuLhKkmvM8=,hwJ8/ZKCxuNE3d/Xfqpj2NWxGoA=
3,-16,PreJ3EMdkczkY8mC4TuLhKkmvM8=,kybfkvRarG4sx6WZji2Z1VIaATs=
4,-16,PreJ3EMdkczkY8mC4TuLhKkmvM8=,kybfkvRarG4sx6WZji2Z1VIaATs=
13,-1,PreJ3EMdkczkY8mC4TuLhKkmvM8=,fgwd9kF++6z6izu924QstHsqYF0=
7,-2,PreJ3EMdkczkY8mC4TuLhKkmvM8=,hwJ8/ZKCxuNE3d/Xfqpj2NWxGoA=
4,-6,PreJ3EMdkczkY8mC4TuLhKkmvM8=,hwJ8/ZKCxuNE3d/Xfqpj2NWxGoA=
11,-1,PreJ3EMdkczkY8mC4TuLhKkmvM8=,fgwd9kF++6z6izu924QstHsqYF0=
0,-16,PreJ3EMdkczkY8mC4TuLhKkmvM8=,kybfkvRarG4sx6WZji2Z1VIaATs=
12,-4,PreJ3EMdkczkY8mC4TuLhKkmvM8=,fgwd9kF++6z6izu924QstHsqYF0=
6,-6,PreJ3EMdkczkY8mC4TuLhKkmvM8=,hwJ8/ZKCxuNE3d/Xfqpj2NWxGoA=
0,-4,PreJ3EMdkczkY8mC4TuLhKkmvM8=,hwJ8/ZKCxuNE3d/Xfqpj2NWxGoA=
0,-6,PreJ3EMdkczkY8mC4TuLhKkmvM8=,hwJ8/ZKCxuNE3d/Xfqpj2NWxGoA=
2,-6,PreJ3EMdkczkY8mC4TuLhKkmvM8=,hwJ8/ZKCxuNE3d/Xfqpj2NWxGoA=
3,-6,PreJ3EMdkczkY8mC4TuLhKkmvM8=,hwJ8/ZKCxuNE3d/Xfqpj2NWxGoA=
1,-5,PreJ3EMdkczkY8mC4TuLhKkmvM8=,hwJ8/ZKCxuNE3d/Xfqpj2NWxGoA=
6,-16,PreJ3EMdkczkY8mC4TuLhKkmvM8=,kybfkvRarG4sx6WZji2Z1VIaATs=
12,-1,PreJ3EMdkczkY8mC4TuLhKkmvM8=,fgwd9kF++6z6izu924QstHsqYF0=
12,-13,PreJ3EMdkczkY8mC4TuLhKkmvM8=,SLzeSz/jgoABK8xxr/Rgc8Fh7p4=
15,-1,PreJ3EMdkczkY8mC4TuLhKkmvM8=,fgwd9kF++6z6izu924QstHsqYF0=
5,-6,PreJ3EMdkczkY8mC4TuLhKkmvM8=,hwJ8/ZKCxuNE3d/Xfqpj2NWxGoA=
11,-6,PreJ3EMdkczkY8mC4TuLhKkmvM8=,fgwd9kF++6z6izu924QstHsqYF0=
14,-3,PreJ3EMdkczkY8mC4TuLhKkmvM8=,fgwd9kF++6z6izu924QstHsqYF0=
13,-2,PreJ3EMdkczkY8mC4TuLhKkmvM8=,fgwd9kF++6z6izu924QstHsqYF0=
15,-2,PreJ3EMdkczkY8mC4TuLhKkmvM8=,fgwd9kF++6z6izu924QstHsqYF0=
14,-2,PreJ3EMdkczkY8mC4TuLhKkmvM8=,fgwd9kF++6z6izu924QstHsqYF0=
4,-7,PreJ3EMdkczkY8mC4TuLhKkmvM8=,hwJ8/ZKCxuNE3d/Xfqpj2NWxGoA=
8,-1,PreJ3EMdkczkY8mC4TuLhKkmvM8=,fgwd9kF++6z6izu924QstHsqYF0=
6,-7,PreJ3EMdkczkY8mC4TuLhKkmvM8=,hwJ8/ZKCxuNE3d/Xfqpj2NWxGoA=
13,-7,PreJ3EMdkczkY8mC4TuLhKkmvM8=,fgwd9kF++6z6izu924QstHsqYF0=
12,-2,PreJ3EMdkczkY8mC4TuLhKkmvM8=,fgwd9kF++6z6izu924QstHsqYF0=
9,-1,PreJ3EMdkczkY8mC4TuLhKkmvM8=,fgwd9kF++6z6izu924QstHsqYF0=
5,-7,PreJ3EMdkczkY8mC4TuLhKkmvM8=,hwJ8/ZKCxuNE3d/Xfqpj2NWxGoA=
10,-1,PreJ3EMdkczkY8mC4TuLhKkmvM8=,fgwd9kF++6z6izu924QstHsqYF0=
11,-2,PreJ3EMdkczkY8mC4TuLhKkmvM8=,fgwd9kF++6z6izu924QstHsqYF0=
0,-1,PreJ3EMdkczkY8mC4TuLhKkmvM8=,hwJ8/ZKCxuNE3d/Xfqpj2NWxGoA=
1,-6,PreJ3EMdkczkY8mC4TuLhKkmvM8=,hwJ8/ZKCxuNE3d/Xfqpj2NWxGoA=
3,-7,PreJ3EMdkczkY8mC4TuLhKkmvM8=,hwJ8/ZKCxuNE3d/Xfqpj2NWxGoA=
4,-8,PreJ3EMdkczkY8mC4TuLhKkmvM8=,hwJ8/ZKCxuNE3d/Xfqpj2NWxGoA=
6,-8,PreJ3EMdkczkY8mC4TuLhKkmvM8=,hwJ8/ZKCxuNE3d/Xfqpj2NWxGoA=
10,-7,PreJ3EMdkczkY8mC4TuLhKkmvM8=,fgwd9kF++6z6izu924QstHsqYF0=
5,-8,PreJ3EMdkczkY8mC4TuLhKkmvM8=,hwJ8/ZKCxuNE3d/Xfqpj2NWxGoA=
9,-6,PreJ3EMdkczkY8mC4TuLhKkmvM8=,fgwd9kF++6z6izu924QstHsqYF0=
0,-7,PreJ3EMdkczkY8mC4TuLhKkmvM8=,hwJ8/ZKCxuNE3d/Xfqpj2NWxGoA=
3,-8,PreJ3EMdkczkY8mC4TuLhKkmvM8=,hwJ8/ZKCxuNE3d/Xfqpj2NWxGoA=
10,-2,PreJ3EMdkczkY8mC4TuLhKkmvM8=,fgwd9kF++6z6izu924QstHsqYF0=
9,-7,PreJ3EMdkczkY8mC4TuLhKkmvM8=,fgwd9kF++6z6izu924QstHsqYF0=
1,-8,PreJ3EMdkczkY8mC4TuLhKkmvM8=,hwJ8/ZKCxuNE3d/Xfqpj2NWxGoA=
8,-7,PreJ3EMdkczkY8mC4TuLhKkmvM8=,fgwd9kF++6z6izu924QstHsqYF0=
8,-5,PreJ3EMdkczkY8mC4TuLhKkmvM8=,fgwd9kF++6z6izu924QstHsqYF0=
12,-5,PreJ3EMdkczkY8mC4TuLhKkmvM8=,fgwd9kF++6z6izu924QstHsqYF0=
8,-2,PreJ3EMdkczkY8mC4TuLhKkmvM8=,fgwd9kF++6z6izu924QstHsqYF0=
15,-4,PreJ3EMdkczkY8mC4TuLhKkmvM8=,fgwd9kF++6z6izu924QstHsqYF0=
8,-3,PreJ3EMdkczkY8mC4TuLhKkmvM8=,fgwd9kF++6z6izu924QstHsqYF0=
5,-9,PreJ3EMdkczkY8mC4TuLhKkmvM8=,kybfkvRarG4sx6WZji2Z1VIaATs=
11,-5,PreJ3EMdkczkY8mC4TuLhKkmvM8=,fgwd9kF++6z6izu924QstHsqYF0=
0,-8,PreJ3EMdkczkY8mC4TuLhKkmvM8=,hwJ8/ZKCxuNE3d/Xfqpj2NWxGoA=
1,-4,PreJ3EMdkczkY8mC4TuLhKkmvM8=,hwJ8/ZKCxuNE3d/Xfqpj2NWxGoA=
9,-4,PreJ3EMdkczkY8mC4TuLhKkmvM8=,fgwd9kF++6z6izu924QstHsqYF0=
8,-6,PreJ3EMdkczkY8mC4TuLhKkmvM8=,fgwd9kF++6z6izu924QstHsqYF0=
15,-3,PreJ3EMdkczkY8mC4TuLhKkmvM8=,fgwd9kF++6z6izu924QstHsqYF0=
9,-2,PreJ3EMdkczkY8mC4TuLhKkmvM8=,fgwd9kF++6z6izu924QstHsqYF0=
1,-7,PreJ3EMdkczkY8mC4TuLhKkmvM8=,hwJ8/ZKCxuNE3d/Xfqpj2NWxGoA=
11,-7,PreJ3EMdkczkY8mC4TuLhKkmvM8=,fgwd9kF++6z6izu924QstHsqYF0=
1,-9,PreJ3EMdkczkY8mC4TuLhKkmvM8=,kybfkvRarG4sx6WZji2Z1VIaATs=
4,-9,PreJ3EMdkczkY8mC4TuLhKkmvM8=,kybfkvRarG4sx6WZji2Z1VIaATs=
7,-5,PreJ3EMdkczkY8mC4TuLhKkmvM8=,hwJ8/ZKCxuNE3d/Xfqpj2NWxGoA=
14,-4,PreJ3EMdkczkY8mC4TuLhKkmvM8=,fgwd9kF++6z6izu924QstHsqYF0=
0,-9,PreJ3EMdkczkY8mC4TuLhKkmvM8=,kybfkvRarG4sx6WZji2Z1VIaATs=
1,-1,PreJ3EMdkczkY8mC4TuLhKkmvM8=,hwJ8/ZKCxuNE3d/Xfqpj2NWxGoA=
5,-2,PreJ3EMdkczkY8mC4TuLhKkmvM8=,hwJ8/ZKCxuNE3d/Xfqpj2NWxGoA=
3,-2,PreJ3EMdkczkY8mC4TuLhKkmvM8=,hwJ8/ZKCxuNE3d/Xfqpj2NWxGoA=
2,-4,PreJ3EMdkczkY8mC4TuLhKkmvM8=,hwJ8/ZKCxuNE3d/Xfqpj2NWxGoA=
8,-4,PreJ3EMdkczkY8mC4TuLhKkmvM8=,fgwd9kF++6z6izu924QstHsqYF0=
4,-2,PreJ3EMdkczkY8mC4TuLhKkmvM8=,hwJ8/ZKCxuNE3d/Xfqpj2NWxGoA=
12,-7,PreJ3EMdkczkY8mC4TuLhKkmvM8=,fgwd9kF++6z6izu924QstHsqYF0=
9,-3,PreJ3EMdkczkY8mC4TuLhKkmvM8=,fgwd9kF++6z6izu924QstHsqYF0=
9,-5,PreJ3EMdkczkY8mC4TuLhKkmvM8=,fgwd9kF++6z6izu924QstHsqYF0=
11,-13,PreJ3EMdkczkY8mC4TuLhKkmvM8=,SLzeSz/jgoABK8xxr/Rgc8Fh7p4=
7,-4,PreJ3EMdkczkY8mC4TuLhKkmvM8=,hwJ8/ZKCxuNE3d/Xfqpj2NWxGoA=
14,-9,PreJ3EMdkczkY8mC4TuLhKkmvM8=,SLzeSz/jgoABK8xxr/Rgc8Fh7p4=
8,-8,PreJ3EMdkczkY8mC4TuLhKkmvM8=,fgwd9kF++6z6izu924QstHsqYF0=
6,-9,PreJ3EMdkczkY8mC4TuLhKkmvM8=,kybfkvRarG4sx6WZji2Z1VIaATs=
6,-2,PreJ3EMdkczkY8mC4TuLhKkmvM8=,hwJ8/ZKCxuNE3d/Xfqpj2NWxGoA=
13,-9,PreJ3EMdkczkY8mC4TuLhKkmvM8=,SLzeSz/jgoABK8xxr/Rgc8Fh7p4=
9,-13,PreJ3EMdkczkY8mC4TuLhKkmvM8=,SLzeSz/jgoABK8xxr/Rgc8Fh7p4=
0,-2,PreJ3EMdkczkY8mC4TuLhKkmvM8=,hwJ8/ZKCxuNE3d/Xfqpj2NWxGoA=
7,-3,PreJ3EMdkczkY8mC4TuLhKkmvM8=,hwJ8/ZKCxuNE3d/Xfqpj2NWxGoA=
3,-4,PreJ3EMdkczkY8mC4TuLhKkmvM8=,hwJ8/ZKCxuNE3d/Xfqpj2NWxGoA=
2,-7,PreJ3EMdkczkY8mC4TuLhKkmvM8=,hwJ8/ZKCxuNE3d/Xfqpj2NWxGoA=
11,-9,PreJ3EMdkczkY8mC4TuLhKkmvM8=,SLzeSz/jgoABK8xxr/Rgc8Fh7p4=
10,-5,PreJ3EMdkczkY8mC4TuLhKkmvM8=,fgwd9kF++6z6izu924QstHsqYF0=
3,-9,PreJ3EMdkczkY8mC4TuLhKkmvM8=,kybfkvRarG4sx6WZji2Z1VIaATs=
2,-8,PreJ3EMdkczkY8mC4TuLhKkmvM8=,hwJ8/ZKCxuNE3d/Xfqpj2NWxGoA=
10,-9,PreJ3EMdkczkY8mC4TuLhKkmvM8=,SLzeSz/jgoABK8xxr/Rgc8Fh7p4=
15,-10,PreJ3EMdkczkY8mC4TuLhKkmvM8=,SLzeSz/jgoABK8xxr/Rgc8Fh7p4=
12,-9,PreJ3EMdkczkY8mC4TuLhKkmvM8=,SLzeSz/jgoABK8xxr/Rgc8Fh7p4=
13,-14,PreJ3EMdkczkY8mC4TuLhKkmvM8=,SLzeSz/jgoABK8xxr/Rgc8Fh7p4=
8,-9,PreJ3EMdkczkY8mC4TuLhKkmvM8=,SLzeSz/jgoABK8xxr/Rgc8Fh7p4=
9,-9,PreJ3EMdkczkY8mC4TuLhKkmvM8=,SLzeSz/jgoABK8xxr/Rgc8Fh7p4=
15,-9,PreJ3EMdkczkY8mC4TuLhKkmvM8=,SLzeSz/jgoABK8xxr/Rgc8Fh7p4=
2,-9,PreJ3EMdkczkY8mC4TuLhKkmvM8=,kybfkvRarG4sx6WZji2Z1VIaATs=
4,-3,PreJ3EMdkczkY8mC4TuLhKkmvM8=,hwJ8/ZKCxuNE3d/Xfqpj2NWxGoA=
10,-13,PreJ3EMdkczkY8mC4TuLhKkmvM8=,SLzeSz/jgoABK8xxr/Rgc8Fh7p4=
5,-3,PreJ3EMdkczkY8mC4TuLhKkmvM8=,hwJ8/ZKCxuNE3d/Xfqpj2NWxGoA=
3,-3,PreJ3EMdkczkY8mC4TuLhKkmvM8=,hwJ8/ZKCxuNE3d/Xfqpj2NWxGoA=
1,-2,PreJ3EMdkczkY8mC4TuLhKkmvM8=,hwJ8/ZKCxuNE3d/Xfqpj2NWxGoA=
11,-14,PreJ3EMdkczkY8mC4TuLhKkmvM8=,SLzeSz/jgoABK8xxr/Rgc8Fh7p4=
4,-4,PreJ3EMdkczkY8mC4TuLhKkmvM8=,hwJ8/ZKCxuNE3d/Xfqpj2NWxGoA=
15,-14,PreJ3EMdkczkY8mC4TuLhKkmvM8=,SLzeSz/jgoABK8xxr/Rgc8Fh7p4=
14,-14,PreJ3EMdkczkY8mC4TuLhKkmvM8=,SLzeSz/jgoABK8xxr/Rgc8Fh7p4=
0,-3,PreJ3EMdkczkY8mC4TuLhKkmvM8=,hwJ8/ZKCxuNE3d/Xfqpj2NWxGoA=
9,-14,PreJ3EMdkczkY8mC4TuLhKkmvM8=,SLzeSz/jgoABK8xxr/Rgc8Fh7p4=
12,-14,PreJ3EMdkczkY8mC4TuLhKkmvM8=,SLzeSz/jgoABK8xxr/Rgc8Fh7p4=
9,-8,PreJ3EMdkczkY8mC4TuLhKkmvM8=,fgwd9kF++6z6izu924QstHsqYF0=
6,-3,PreJ3EMdkczkY8mC4TuLhKkmvM8=,hwJ8/ZKCxuNE3d/Xfqpj2NWxGoA=
8,-13,PreJ3EMdkczkY8mC4TuLhKkmvM8=,SLzeSz/jgoABK8xxr/Rgc8Fh7p4=
14,-10,PreJ3EMdkczkY8mC4TuLhKkmvM8=,SLzeSz/jgoABK8xxr/Rgc8Fh7p4=
1,-3,PreJ3EMdkczkY8mC4TuLhKkmvM8=,hwJ8/ZKCxuNE3d/Xfqpj2NWxGoA=
8,-14,PreJ3EMdkczkY8mC4TuLhKkmvM8=,SLzeSz/jgoABK8xxr/Rgc8Fh7p4=
2,-2,PreJ3EMdkczkY8mC4TuLhKkmvM8=,hwJ8/ZKCxuNE3d/Xfqpj2NWxGoA=
5,-4,PreJ3EMdkczkY8mC4TuLhKkmvM8=,hwJ8/ZKCxuNE3d/Xfqpj2NWxGoA=
7,-13,PreJ3EMdkczkY8mC4TuLhKkmvM8=,kybfkvRarG4sx6WZji2Z1VIaATs=
6,-4,PreJ3EMdkczkY8mC4TuLhKkmvM8=,hwJ8/ZKCxuNE3d/Xfqpj2NWxGoA=
13,-10,PreJ3EMdkczkY8mC4TuLhKkmvM8=,SLzeSz/jgoABK8xxr/Rgc8Fh7p4=
12,-8,PreJ3EMdkczkY8mC4TuLhKkmvM8=,fgwd9kF++6z6izu924QstHsqYF0=
7,-12,PreJ3EMdkczkY8mC4TuLhKkmvM8=,kybfkvRarG4sx6WZji2Z1VIaATs=
11,-10,PreJ3EMdkczkY8mC4TuLhKkmvM8=,SLzeSz/jgoABK8xxr/Rgc8Fh7p4=
11,-15,PreJ3EMdkczkY8mC4TuLhKkmvM8=,SLzeSz/jgoABK8xxr/Rgc8Fh7p4=
12,-10,PreJ3EMdkczkY8mC4TuLhKkmvM8=,SLzeSz/jgoABK8xxr/Rgc8Fh7p4=
9,-15,PreJ3EMdkczkY8mC4TuLhKkmvM8=,SLzeSz/jgoABK8xxr/Rgc8Fh7p4=
2,-3,PreJ3EMdkczkY8mC4TuLhKkmvM8=,hwJ8/ZKCxuNE3d/Xfqpj2NWxGoA=
7,-14,PreJ3EMdkczkY8mC4TuLhKkmvM8=,kybfkvRarG4sx6WZji2Z1VIaATs=
13,-8,PreJ3EMdkczkY8mC4TuLhKkmvM8=,fgwd9kF++6z6izu924QstHsqYF0=
9,-10,PreJ3EMdkczkY8mC4TuLhKkmvM8=,SLzeSz/jgoABK8xxr/Rgc8Fh7p4=
14,-16,PreJ3EMdkczkY8mC4TuLhKkmvM8=,SLzeSz/jgoABK8xxr/Rgc8Fh7p4=
15,-16,PreJ3EMdkczkY8mC4TuLhKkmvM8=,SLzeSz/jgoABK8xxr/Rgc8Fh7p4=
7,-15,PreJ3EMdkczkY8mC4TuLhKkmvM8=,kybfkvRarG4sx6WZji2Z1VIaATs=
13,-16,PreJ3EMdkczkY8mC4TuLhKkmvM8=,SLzeSz/jgoABK8xxr/Rgc8Fh7p4=
10,-10,PreJ3EMdkczkY8mC4TuLhKkmvM8=,SLzeSz/jgoABK8xxr/Rgc8Fh7p4=
10,-15,PreJ3EMdkczkY8mC4TuLhKkmvM8=,SLzeSz/jgoABK8xxr/Rgc8Fh7p4=
14,-8,PreJ3EMdkczkY8mC4TuLhKkmvM8=,fgwd9kF++6z6izu924QstHsqYF0=
10,-14,PreJ3EMdkczkY8mC4TuLhKkmvM8=,SLzeSz/jgoABK8xxr/Rgc8Fh7p4=
8,-15,PreJ3EMdkczkY8mC4TuLhKkmvM8=,SLzeSz/jgoABK8xxr/Rgc8Fh7p4=
14,-15,PreJ3EMdkczkY8mC4TuLhKkmvM8=,SLzeSz/jgoABK8xxr/Rgc8Fh7p4=
12,-15,PreJ3EMdkczkY8mC4TuLhKkmvM8=,SLzeSz/jgoABK8xxr/Rgc8Fh7p4=
15,-15,PreJ3EMdkczkY8mC4TuLhKkmvM8=,SLzeSz/jgoABK8xxr/Rgc8Fh7p4=
8,-10,PreJ3EMdkczkY8mC4TuLhKkmvM8=,SLzeSz/jgoABK8xxr/Rgc8Fh7p4=
8,-16,PreJ3EMdkczkY8mC4TuLhKkmvM8=,SLzeSz/jgoABK8xxr/Rgc8Fh7p4=
9,-16,PreJ3EMdkczkY8mC4TuLhKkmvM8=,SLzeSz/jgoABK8xxr/Rgc8Fh7p4=
10,-16,PreJ3EMdkczkY8mC4TuLhKkmvM8=,SLzeSz/jgoABK8xxr/Rgc8Fh7p4=
15,-8,PreJ3EMdkczkY8mC4TuLhKkmvM8=,fgwd9kF++6z6izu924QstHsqYF0=
15,-11,PreJ3EMdkczkY8mC4TuLhKkmvM8=,SLzeSz/jgoABK8xxr/Rgc8Fh7p4=
7,-8,PreJ3EMdkczkY8mC4TuLhKkmvM8=,hwJ8/ZKCxuNE3d/Xfqpj2NWxGoA=
13,-11,PreJ3EMdkczkY8mC4TuLhKkmvM8=,SLzeSz/jgoABK8xxr/Rgc8Fh7p4=
10,-11,PreJ3EMdkczkY8mC4TuLhKkmvM8=,SLzeSz/jgoABK8xxr/Rgc8Fh7p4=
11,-16,PreJ3EMdkczkY8mC4TuLhKkmvM8=,SLzeSz/jgoABK8xxr/Rgc8Fh7p4=
13,-15,PreJ3EMdkczkY8mC4TuLhKkmvM8=,SLzeSz/jgoABK8xxr/Rgc8Fh7p4=
12,-11,PreJ3EMdkczkY8mC4TuLhKkmvM8=,SLzeSz/jgoABK8xxr/Rgc8Fh7p4=
12,-12,PreJ3EMdkczkY8mC4TuLhKkmvM8=,SLzeSz/jgoABK8xxr/Rgc8Fh7p4=
8,-11,PreJ3EMdkczkY8mC4TuLhKkmvM8=,SLzeSz/jgoABK8xxr/Rgc8Fh7p4=
7,-9,PreJ3EMdkczkY8mC4TuLhKkmvM8=,kybfkvRarG4sx6WZji2Z1VIaATs=
9,-11,PreJ3EMdkczkY8mC4TuLhKkmvM8=,SLzeSz/jgoABK8xxr/Rgc8Fh7p4=
14,-12,PreJ3EMdkczkY8mC4TuLhKkmvM8=,SLzeSz/jgoABK8xxr/Rgc8Fh7p4=
12,-16,PreJ3EMdkczkY8mC4TuLhKkmvM8=,SLzeSz/jgoABK8xxr/Rgc8Fh7p4=
15,-12,PreJ3EMdkczkY8mC4TuLhKkmvM8=,SLzeSz/jgoABK8xxr/Rgc8Fh7p4=
10,-12,PreJ3EMdkczkY8mC4TuLhKkmvM8=,SLzeSz/jgoABK8xxr/Rgc8Fh7p4=
13,-12,PreJ3EMdkczkY8mC4TuLhKkmvM8=,SLzeSz/jgoABK8xxr/Rgc8Fh7p4=
7,-16,PreJ3EMdkczkY8mC4TuLhKkmvM8=,kybfkvRarG4sx6WZji2Z1VIaATs=
14,-11,PreJ3EMdkczkY8mC4TuLhKkmvM8=,SLzeSz/jgoABK8xxr/Rgc8Fh7p4=
15,-13,PreJ3EMdkczkY8mC4TuLhKkmvM8=,SLzeSz/jgoABK8xxr/Rgc8Fh7p4=
8,-12,PreJ3EMdkczkY8mC4TuLhKkmvM8=,SLzeSz/jgoABK8xxr/Rgc8Fh7p4=
9,-12,PreJ3EMdkczkY8mC4TuLhKkmvM8=,SLzeSz/jgoABK8xxr/Rgc8Fh7p4=
13,-13,PreJ3EMdkczkY8mC4TuLhKkmvM8=,SLzeSz/jgoABK8xxr/Rgc8Fh7p4=
7,-10,PreJ3EMdkczkY8mC4TuLhKkmvM8=,kybfkvRarG4sx6WZji2Z1VIaATs=
14,-13,PreJ3EMdkczkY8mC4TuLhKkmvM8=,SLzeSz/jgoABK8xxr/Rgc8Fh7p4=
11,-11,PreJ3EMdkczkY8mC4TuLhKkmvM8=,SLzeSz/jgoABK8xxr/Rgc8Fh7p4=
11,-12,PreJ3EMdkczkY8mC4TuLhKkmvM8=,SLzeSz/jgoABK8xxr/Rgc8Fh7p4=
10,-8,PreJ3EMdkczkY8mC4TuLhKkmvM8=,fgwd9kF++6z6izu924QstHsqYF0=
7,-11,PreJ3EMdkczkY8mC4TuLhKkmvM8=,kybfkvRarG4sx6WZji2Z1VIaATs=
11,-8,PreJ3EMdkczkY8mC4TuLhKkmvM8=,fgwd9kF++6z6izu924QstHsqYF0=
