4,-4,0HrkPj2QdclNhNnwsKfISdJSO6g=,Hi9dsTHwT/6clXGTcJQOePnnUc0=
4,-5,0HrkPj2QdclNhNnwsKfISdJSO6g=,9txUw51r18VGwK7z3uCXwwe4pCw=
4,-3,0HrkPj2QdclNhNnwsKfISdJSO6g=,z++TrbCtgA8sbCoQg55qcVK+hBA=
4,-2,0HrkPj2QdclNhNnwsKfISdJSO6g=,QU0ZVJRPn/iPc1BOAdODvzcbXZA=
4,-1,0HrkPj2QdclNhNnwsKfISdJSO6g=,IdmvmSVWSmvcGN6w9qHqdtlGrek=
3,-5,0HrkPj2QdclNhNnwsKfISdJSO6g=,z6COhYuOX1PsvaNjpE6tLwsE75A=
3,-4,0HrkPj2QdclNhNnwsKfISdJSO6g=,873Qmm7mPTNeMkET2iKPq1mXcE4=
3,-3,0HrkPj2QdclNhNnwsKfISdJSO6g=,EOX2G3HppyTmsHYVAxayUHsMRvo=
2,-5,0HrkPj2QdclNhNnwsKfISdJSO6g=,HH3w2Aj+ujIjfiIJhJd+B/OXe2k=
3,-1,0HrkPj2QdclNhNnwsKfISdJSO6g=,fwnbrRu4JDzqjvkHi4K4VcQqLEk=
3,-2,0HrkPj2QdclNhNnwsKfISdJSO6g=,DK4xnZDGmQ27d+obFRKfH89o37Y=
2,-4,0HrkPj2QdclNhNnwsKfISdJSO6g=,gzKqu2UhxPDsAX6QB9ekw74+dUo=
2,-2,0HrkPj2QdclNhNnwsKfISdJSO6g=,NbvKU7D6Ixehq6X7Rvech0GvhRs=
2,-1,0HrkPj2QdclNhNnwsKfISdJSO6g=,fwnbrRu4JDzqjvkHi4K4VcQqLEk=
1,-5,0HrkPj2QdclNhNnwsKfISdJSO6g=,Ijnh+8Y4ujasm2p49D6vDGmkA6g=
2,-3,0HrkPj2QdclNhNnwsKfISdJSO6g=,3F6NwcxfQv4R58nnNbc04XAQQEI=
0,-5,0HrkPj2QdclNhNnwsKfISdJSO6g=,Ijnh+8Y4ujasm2p49D6vDGmkA6g=
1,-3,0HrkPj2QdclNhNnwsKfISdJSO6g=,/hPLtzFiX5GzbZq59xycZlsa5TM=
1,-1,0HrkPj2QdclNhNnwsKfISdJSO6g=,/Ob6CnRIRcL9HVG1pRgRQNM9CyE=
1,-4,0HrkPj2QdclNhNnwsKfISdJSO6g=,Ijnh+8Y4ujasm2p49D6vDGmkA6g=
0,-4,4Z1xSPy9hn5V5Se2linp1gqhpMM=,Ijnh+8Y4ujasm2p49D6vDGmkA6g=
0,-3,4Z1xSPy9hn5V5Se2linp1gqhpMM=,fGvIemh59W28iS+7LfUTzvKFpAs=
1,-2,4Z1xSPy9hn5V5Se2linp1gqhpMM=,TrHZXoeGoIP/f5QSVh0HSZg/12M=
0,-2,4Z1xSPy9hn5V5Se2linp1gqhpMM=,/Ob6CnRIRcL9HVG1pRgRQNM9CyE=
5,-1,4Z1xSPy9hn5V5Se2linp1gqhpMM=,Ijnh+8Y4ujasm2p49D6vDGmkA6g=
5,-2,4Z1xSPy9hn5V5Se2linp1gqhpMM=,Ijnh+8Y4ujasm2p49D6vDGmkA6g=
0,-1,4Z1xSPy9hn5V5Se2linp1gqhpMM=,Ijnh+8Y4ujasm2p49D6vDGmkA6g=
